i,j,t
0,139,200002
0,108,200002
0,64,200002
0,120,200002
0,362,200002
0,145,200002
0,32,200002
0,53,200002
0,77,200002
0,102,200002
0,26,200002
0,155,200002
0,135,200002
0,23,200002
0,51,200002
0,81,200002
0,197,200002
0,13,200002
0,19,200002
0,6,200002
0,85,200002
0,29,200002
0,31,200002
0,52,200002
0,5,200002
0,99,200002
0,17,200002
0,1,200002
0,112,200002
0,11,200002
0,16,200002
0,76,200002
0,12,200002
0,66,200002
0,142,200002
0,27,200002
0,156,200002
0,9,200002
0,45,200002
0,165,200002
0,2,200002
0,119,200002
0,28,200002
0,115,200002
0,72,200002
0,20,200002
0,149,200002
0,21,200002
0,96,200002
0,10,200002
0,143,200002
0,59,200002
0,100,200002
0,14,200002
0,83,200002
0,48,200002
0,40,200002
0,18,200002
0,97,200002
0,146,200002
0,160,200002
0,35,200002
0,60,200002
0,80,200002
0,137,200002
0,46,200002
0,136,200002
0,154,200002
0,274,200002
0,25,200002
0,92,200002
1,14,200002
1,165,200002
1,26,200002
1,51,200002
1,112,200002
1,16,200002
1,48,200002
1,36,200002
1,83,200002
1,99,200002
1,137,200002
1,196,200002
1,55,200002
1,29,200002
1,2,200002
1,69,200002
1,21,200002
1,59,200002
1,60,200002
1,155,200002
1,102,200002
1,107,200002
1,9,200002
1,13,200002
1,143,200002
1,19,200002
1,5,200002
1,28,200002
1,12,200002
1,32,200002
1,100,200002
1,6,200002
1,78,200002
1,31,200002
1,80,200002
1,22,200002
1,265,200002
1,0,200002
1,157,200002
1,18,200002
1,81,200002
1,110,200002
1,52,200002
1,149,200002
1,108,200002
1,7,200002
1,89,200002
1,119,200002
1,116,200002
1,77,200002
1,10,200002
1,115,200002
1,183,200002
1,35,200002
1,124,200002
1,160,200002
1,64,200002
1,46,200002
1,34,200002
1,54,200002
1,53,200002
1,154,200002
1,72,200002
1,4,200002
1,40,200002
1,97,200002
1,85,200002
1,121,200002
1,136,200002
1,27,200002
1,135,200002
1,146,200002
1,133,200002
1,92,200002
1,20,200002
1,11,200002
1,25,200002
1,23,200002
1,96,200002
1,113,200002
1,17,200002
2,85,200002
2,32,200002
2,137,200002
2,17,200002
2,20,200002
2,83,200002
2,10,200002
2,100,200002
2,11,200002
2,27,200002
2,36,200002
2,52,200002
2,117,200002
2,108,200002
2,23,200002
2,29,200002
2,22,200002
2,136,200002
2,72,200002
2,26,200002
2,112,200002
2,16,200002
2,46,200002
2,77,200002
2,76,200002
2,6,200002
2,81,200002
2,39,200002
2,4,200002
2,99,200002
2,9,200002
2,65,200002
2,107,200002
2,133,200002
2,80,200002
2,28,200002
2,14,200002
2,13,200002
2,248,200002
2,149,200002
2,18,200002
2,48,200002
2,154,200002
2,124,200002
2,97,200002
2,5,200002
2,135,200002
2,54,200002
2,0,200002
2,96,200002
2,31,200002
2,60,200002
2,93,200002
2,146,200002
2,1,200002
2,165,200002
2,160,200002
2,92,200002
2,25,200002
2,274,200002
3,311,200002
3,51,200002
3,4,200002
4,96,200002
4,87,200002
4,10,200002
4,26,200002
4,60,200002
4,18,200002
4,12,200002
4,11,200002
4,51,200002
4,69,200002
4,64,200002
4,17,200002
4,154,200002
4,153,200002
4,16,200002
4,0,200002
4,83,200002
4,99,200002
4,156,200002
4,131,200002
4,320,200002
4,305,200002
4,115,200002
4,23,200002
4,136,200002
4,6,200002
4,155,200002
4,142,200002
4,129,200002
4,149,200002
4,9,200002
4,19,200002
4,741,200002
4,72,200002
4,85,200002
4,14,200002
4,165,200002
4,633,200002
4,32,200002
4,2,200002
4,137,200002
4,107,200002
4,124,200002
4,5,200002
4,97,200002
4,248,200002
4,189,200002
4,135,200002
4,13,200002
4,25,200002
4,128,200002
4,29,200002
4,866,200002
4,54,200002
4,306,200002
4,215,200002
4,525,200002
4,761,200002
4,108,200002
4,133,200002
4,1,200002
4,7,200002
4,187,200002
4,28,200002
4,22,200002
4,227,200002
4,238,200002
4,48,200002
4,3,200002
4,196,200002
4,127,200002
4,110,200002
4,88,200002
4,84,200002
4,843,200002
4,92,200002
4,31,200002
4,184,200002
4,20,200002
4,268,200002
4,427,200002
4,59,200002
4,35,200002
4,30,200002
4,300,200002
4,27,200002
4,214,200002
4,150,200002
4,223,200002
4,164,200002
4,301,200002
4,86,200002
4,317,200002
4,46,200002
4,311,200002
4,113,200002
4,33,200002
4,222,200002
4,146,200002
4,40,200002
4,112,200002
4,50,200002
4,177,200002
4,109,200002
4,183,200002
4,160,200002
4,21,200002
4,213,200002
4,89,200002
5,10,200002
5,12,200002
5,23,200002
5,20,200002
5,112,200002
5,19,200002
5,196,200002
5,16,200002
5,76,200002
5,59,200002
5,17,200002
5,176,200002
5,165,200002
5,110,200002
5,99,200002
5,160,200002
5,85,200002
5,28,200002
5,54,200002
5,31,200002
5,115,200002
5,18,200002
5,9,200002
5,77,200002
5,26,200002
5,64,200002
5,7,200002
5,25,200002
5,72,200002
5,2,200002
5,213,200002
5,211,200002
5,52,200002
5,135,200002
5,1,200002
5,154,200002
5,119,200002
5,97,200002
5,0,200002
5,102,200002
5,149,200002
5,107,200002
5,22,200002
5,92,200002
5,89,200002
5,183,200002
5,14,200002
5,69,200002
5,27,200002
5,96,200002
5,137,200002
5,29,200002
5,51,200002
5,11,200002
5,113,200002
5,136,200002
5,4,200002
5,133,200002
6,79,200002
6,52,200002
6,13,200002
6,16,200002
6,197,200002
6,181,200002
6,25,200002
6,54,200002
6,24,200002
6,34,200002
6,7,200002
6,243,200002
6,136,200002
6,112,200002
6,158,200002
6,61,200002
6,81,200002
6,97,200002
6,27,200002
6,36,200002
6,33,200002
6,80,200002
6,124,200002
6,154,200002
6,98,200002
6,31,200002
6,60,200002
6,108,200002
6,12,200002
6,9,200002
6,278,200002
6,131,200002
6,69,200002
6,29,200002
6,4,200002
6,121,200002
6,72,200002
6,51,200002
6,48,200002
6,53,200002
6,157,200002
6,57,200002
6,143,200002
6,10,200002
6,35,200002
6,32,200002
6,58,200002
6,86,200002
6,77,200002
6,1,200002
6,113,200002
6,100,200002
6,22,200002
6,17,200002
6,28,200002
6,96,200002
6,129,200002
6,0,200002
6,114,200002
6,71,200002
6,11,200002
6,156,200002
6,146,200002
6,135,200002
6,137,200002
6,320,200002
6,371,200002
6,153,200002
6,40,200002
6,160,200002
6,19,200002
6,39,200002
6,117,200002
6,120,200002
6,101,200002
6,45,200002
6,46,200002
6,102,200002
6,194,200002
6,38,200002
6,187,200002
6,2,200002
6,172,200002
6,78,200002
6,155,200002
6,180,200002
6,85,200002
6,126,200002
6,82,200002
6,64,200002
6,134,200002
6,55,200002
6,89,200002
6,14,200002
6,94,200002
6,83,200002
6,18,200002
6,76,200002
6,142,200002
6,139,200002
6,20,200002
6,99,200002
7,89,200002
7,323,200002
7,5,200002
7,136,200002
7,8,200002
7,90,200002
7,135,200002
7,1,200002
7,17,200002
7,243,200002
7,20,200002
8,90,200002
8,64,200002
8,243,200002
8,17,200002
8,7,200002
8,89,200002
8,20,200002
9,137,200002
9,112,200002
9,58,200002
9,80,200002
9,4,200002
9,46,200002
9,208,200002
9,81,200002
9,121,200002
9,83,200002
9,54,200002
9,94,200002
9,53,200002
9,161,200002
9,22,200002
9,188,200002
9,102,200002
9,47,200002
9,0,200002
9,341,200002
9,72,200002
9,13,200002
9,6,200002
9,25,200002
9,38,200002
9,99,200002
9,20,200002
9,245,200002
9,143,200002
9,26,200002
9,107,200002
9,19,200002
9,248,200002
9,96,200002
9,32,200002
9,14,200002
9,28,200002
9,17,200002
9,85,200002
9,2,200002
9,135,200002
9,10,200002
9,146,200002
9,154,200002
9,11,200002
9,29,200002
9,160,200002
9,1,200002
9,92,200002
9,97,200002
9,27,200002
9,136,200002
9,274,200002
10,34,200002
10,17,200002
10,120,200002
10,107,200002
10,66,200002
10,20,200002
10,135,200002
10,137,200002
10,19,200002
10,33,200002
10,85,200002
10,69,200002
10,13,200002
10,54,200002
10,77,200002
10,2,200002
10,32,200002
10,28,200002
10,99,200002
10,184,200002
10,6,200002
10,14,200002
10,129,200002
10,97,200002
10,18,200002
10,0,200002
10,60,200002
10,244,200002
10,48,200002
10,80,200002
10,4,200002
10,155,200002
10,96,200002
10,26,200002
10,83,200002
10,102,200002
10,52,200002
10,9,200002
10,51,200002
10,12,200002
10,27,200002
10,72,200002
10,11,200002
10,108,200002
10,5,200002
10,23,200002
10,165,200002
10,21,200002
10,22,200002
10,25,200002
10,16,200002
10,112,200002
10,115,200002
10,116,200002
10,136,200002
10,149,200002
10,35,200002
10,40,200002
10,59,200002
10,64,200002
10,89,200002
10,154,200002
10,113,200002
10,53,200002
10,29,200002
10,183,200002
10,160,200002
10,46,200002
10,31,200002
10,92,200002
10,81,200002
10,146,200002
10,133,200002
10,1,200002
11,96,200002
11,183,200002
11,14,200002
11,137,200002
11,32,200002
11,165,200002
11,18,200002
11,5,200002
11,12,200002
11,51,200002
11,1,200002
11,136,200002
11,154,200002
11,27,200002
11,94,200002
11,99,200002
11,0,200002
11,97,200002
11,81,200002
11,133,200002
11,6,200002
11,34,200002
11,46,200002
11,2,200002
11,54,200002
11,83,200002
11,35,200002
11,26,200002
11,22,200002
11,72,200002
11,21,200002
11,23,200002
11,48,200002
11,7,200002
11,10,200002
11,196,200002
11,69,200002
11,92,200002
11,28,200002
11,108,200002
11,89,200002
11,85,200002
11,169,200002
11,88,200002
11,53,200002
11,107,200002
11,9,200002
11,177,200002
11,25,200002
11,84,200002
11,19,200002
11,164,200002
11,4,200002
11,223,200002
11,64,200002
11,110,200002
11,29,200002
11,30,200002
11,86,200002
11,59,200002
11,13,200002
11,20,200002
11,17,200002
11,112,200002
11,113,200002
11,60,200002
11,146,200002
12,97,200002
12,30,200002
12,13,200002
12,24,200002
12,137,200002
12,10,200002
12,17,200002
12,27,200002
12,60,200002
12,1,200002
12,28,200002
12,11,200002
12,142,200002
12,16,200002
12,112,200002
12,83,200002
12,443,200002
12,38,200002
12,40,200002
12,169,200002
12,54,200002
12,77,200002
12,22,200002
12,100,200002
12,55,200002
12,46,200002
12,108,200002
12,20,200002
12,51,200002
12,6,200002
12,80,200002
12,74,200002
12,32,200002
12,165,200002
12,21,200002
12,23,200002
12,76,200002
12,19,200002
12,53,200002
12,81,200002
12,2,200002
12,96,200002
12,4,200002
12,248,200002
12,14,200002
12,31,200002
12,269,200002
12,92,200002
12,136,200002
12,25,200002
12,18,200002
12,99,200002
12,160,200002
12,29,200002
12,154,200002
12,135,200002
13,404,200002
13,6,200002
13,77,200002
13,112,200002
13,52,200002
13,25,200002
13,187,200002
13,261,200002
13,146,200002
13,242,200002
13,100,200002
13,72,200002
13,96,200002
13,23,200002
13,28,200002
13,154,200002
13,196,200002
13,31,200002
13,57,200002
13,137,200002
13,144,200002
13,64,200002
13,60,200002
13,11,200002
13,8,200002
13,21,200002
13,113,200002
13,27,200002
13,38,200002
13,48,200002
13,54,200002
13,160,200002
13,35,200002
13,107,200002
13,110,200002
13,89,200002
13,152,200002
13,131,200002
13,51,200002
13,36,200002
13,12,200002
13,97,200002
13,22,200002
13,4,200002
13,10,200002
13,108,200002
13,0,200002
13,136,200002
13,17,200002
13,7,200002
13,1,200002
13,172,200002
13,2,200002
13,20,200002
13,180,200002
13,169,200002
13,78,200002
13,83,200002
13,129,200002
13,120,200002
13,59,200002
13,16,200002
13,18,200002
13,117,200002
13,81,200002
13,126,200002
13,142,200002
13,19,200002
13,99,200002
13,14,200002
13,139,200002
13,32,200002
13,40,200002
13,29,200002
13,46,200002
13,26,200002
14,6,200002
14,64,200002
14,59,200002
14,26,200002
14,51,200002
14,19,200002
14,117,200002
14,28,200002
14,4,200002
14,20,200002
14,11,200002
14,57,200002
14,234,200002
14,108,200002
14,77,200002
14,233,200002
14,34,200002
14,137,200002
14,27,200002
14,22,200002
14,139,200002
14,136,200002
14,157,200002
14,161,200002
14,25,200002
14,113,200002
14,72,200002
14,165,200002
14,133,200002
14,160,200002
14,71,200002
14,10,200002
14,83,200002
14,1,200002
14,101,200002
14,17,200002
14,182,200002
14,183,200002
14,112,200002
14,12,200002
14,69,200002
14,320,200002
14,9,200002
14,2,200002
14,172,200002
14,107,200002
14,187,200002
14,85,200002
14,0,200002
14,5,200002
14,29,200002
14,35,200002
14,129,200002
14,80,200002
14,100,200002
14,36,200002
14,135,200002
14,97,200002
14,154,200002
14,92,200002
14,16,200002
14,143,200002
14,18,200002
14,155,200002
14,13,200002
14,48,200002
14,146,200002
14,60,200002
14,102,200002
14,119,200002
14,31,200002
14,52,200002
14,40,200002
14,46,200002
14,32,200002
15,38,200002
15,72,200002
15,6,200002
15,160,200002
15,77,200002
15,52,200002
15,51,200002
15,40,200002
15,97,200002
15,101,200002
15,137,200002
15,13,200002
15,31,200002
15,36,200002
15,248,200002
15,18,200002
15,136,200002
15,29,200002
15,154,200002
16,52,200002
16,99,200002
16,32,200002
16,208,200002
16,119,200002
16,155,200002
16,18,200002
16,117,200002
16,195,200002
16,36,200002
16,124,200002
16,57,200002
16,65,200002
16,4,200002
16,14,200002
16,12,200002
16,120,200002
16,6,200002
16,35,200002
16,85,200002
16,33,200002
16,69,200002
16,72,200002
16,15,200002
16,112,200002
16,133,200002
16,62,200002
16,100,200002
16,134,200002
16,66,200002
16,107,200002
16,74,200002
16,137,200002
16,78,200002
16,0,200002
16,76,200002
16,169,200002
16,20,200002
16,38,200002
16,237,200002
16,83,200002
16,48,200002
16,104,200002
16,75,200002
16,58,200002
16,96,200002
16,21,200002
16,51,200002
16,45,200002
16,17,200002
16,160,200002
16,248,200002
16,183,200002
16,9,200002
16,28,200002
16,114,200002
16,2,200002
16,60,200002
16,108,200002
16,80,200002
16,27,200002
16,19,200002
16,320,200002
16,63,200002
16,182,200002
16,101,200002
16,59,200002
16,79,200002
16,1,200002
16,55,200002
16,26,200002
16,92,200002
16,13,200002
16,178,200002
16,40,200002
16,197,200002
16,102,200002
16,175,200002
16,242,200002
16,171,200002
16,97,200002
16,46,200002
16,176,200002
16,64,200002
16,142,200002
16,77,200002
16,146,200002
16,180,200002
16,54,200002
16,170,200002
16,154,200002
16,362,200002
16,24,200002
16,10,200002
16,143,200002
16,81,200002
16,29,200002
16,126,200002
16,94,200002
16,129,200002
16,31,200002
16,181,200002
16,135,200002
16,136,200002
16,139,200002
16,25,200002
17,79,200002
17,85,200002
17,16,200002
17,24,200002
17,48,200002
17,90,200002
17,27,200002
17,320,200002
17,36,200002
17,19,200002
17,139,200002
17,21,200002
17,113,200002
17,108,200002
17,6,200002
17,269,200002
17,5,200002
17,20,200002
17,196,200002
17,26,200002
17,96,200002
17,60,200002
17,14,200002
17,135,200002
17,133,200002
17,83,200002
17,154,200002
17,13,200002
17,165,200002
17,35,200002
17,18,200002
17,11,200002
17,12,200002
17,78,200002
17,155,200002
17,15,200002
17,58,200002
17,81,200002
17,30,200002
17,70,200002
17,99,200002
17,116,200002
17,22,200002
17,120,200002
17,9,200002
17,31,200002
17,183,200002
17,77,200002
17,149,200002
17,2,200002
17,129,200002
17,52,200002
17,137,200002
17,53,200002
17,51,200002
17,169,200002
17,143,200002
17,153,200002
17,4,200002
17,29,200002
17,59,200002
17,119,200002
17,124,200002
17,110,200002
17,69,200002
17,211,200002
17,71,200002
17,10,200002
17,303,200002
17,102,200002
17,97,200002
17,261,200002
17,7,200002
17,906,200002
17,189,200002
17,32,200002
17,184,200002
17,0,200002
17,92,200002
17,89,200002
17,54,200002
17,150,200002
17,25,200002
17,243,200002
17,8,200002
17,107,200002
17,213,200002
17,64,200002
17,136,200002
17,160,200002
17,28,200002
17,40,200002
17,46,200002
17,146,200002
17,112,200002
17,1,200002
18,96,200002
18,52,200002
18,165,200002
18,10,200002
18,17,200002
18,135,200002
18,51,200002
18,28,200002
18,20,200002
18,58,200002
18,9,200002
18,137,200002
18,76,200002
18,46,200002
18,181,200002
18,40,200002
18,97,200002
18,99,200002
18,124,200002
18,83,200002
18,153,200002
18,77,200002
18,35,200002
18,79,200002
18,133,200002
18,113,200002
18,80,200002
18,213,200002
18,23,200002
18,19,200002
18,142,200002
18,64,200002
18,25,200002
18,143,200002
18,26,200002
18,180,200002
18,325,200002
18,176,200002
18,139,200002
18,85,200002
18,4,200002
18,208,200002
18,112,200002
18,29,200002
18,2,200002
18,248,200002
18,104,200002
18,108,200002
18,415,200002
18,341,200002
18,24,200002
18,160,200002
18,0,200002
18,100,200002
18,70,200002
18,156,200002
18,429,200002
18,136,200002
18,146,200002
18,138,200002
18,1,200002
18,320,200002
18,440,200002
18,269,200002
18,416,200002
18,411,200002
18,172,200002
18,48,200002
18,131,200002
18,436,200002
18,13,200002
18,16,200002
18,122,200002
18,432,200002
18,298,200002
18,159,200002
18,422,200002
18,410,200002
18,276,200002
18,423,200002
18,144,200002
18,197,200002
18,129,200002
18,270,200002
18,12,200002
18,292,200002
18,74,200002
18,346,200002
18,413,200002
18,407,200002
18,60,200002
18,443,200002
18,430,200002
18,170,200002
18,223,200002
18,265,200002
18,234,200002
18,271,200002
18,94,200002
18,408,200002
18,84,200002
18,174,200002
18,145,200002
18,154,200002
18,171,200002
18,92,200002
18,426,200002
18,132,200002
18,242,200002
18,93,200002
18,15,200002
18,164,200002
18,32,200002
18,125,200002
18,61,200002
18,59,200002
18,163,200002
18,43,200002
18,303,200002
18,233,200002
18,27,200002
18,54,200002
18,71,200002
18,30,200002
18,53,200002
18,111,200002
18,44,200002
18,31,200002
18,183,200002
18,6,200002
18,69,200002
18,110,200002
18,123,200002
18,11,200002
18,21,200002
18,22,200002
18,107,200002
18,81,200002
18,86,200002
18,14,200002
18,89,200002
19,85,200002
19,46,200002
19,24,200002
19,6,200002
19,208,200002
19,281,200002
19,129,200002
19,135,200002
19,97,200002
19,132,200002
19,54,200002
19,10,200002
19,242,200002
19,27,200002
19,57,200002
19,60,200002
19,77,200002
19,30,200002
19,18,200002
19,2,200002
19,104,200002
19,25,200002
19,96,200002
19,112,200002
19,28,200002
19,31,200002
19,113,200002
19,21,200002
19,63,200002
19,51,200002
19,320,200002
19,4,200002
19,154,200002
19,165,200002
19,137,200002
19,170,200002
19,11,200002
19,39,200002
19,136,200002
19,0,200002
19,181,200002
19,82,200002
19,92,200002
19,20,200002
19,78,200002
19,108,200002
19,48,200002
19,278,200002
19,17,200002
19,187,200002
19,173,200002
19,16,200002
19,26,200002
19,182,200002
19,143,200002
19,59,200002
19,64,200002
19,172,200002
19,13,200002
19,99,200002
19,160,200002
19,76,200002
19,83,200002
19,32,200002
19,1,200002
19,14,200002
19,81,200002
19,100,200002
19,134,200002
19,126,200002
19,120,200002
19,139,200002
19,55,200002
19,142,200002
19,38,200002
19,29,200002
19,180,200002
19,117,200002
19,35,200002
19,36,200002
19,146,200002
19,155,200002
19,102,200002
19,52,200002
19,40,200002
20,79,200002
20,85,200002
20,136,200002
20,87,200002
20,10,200002
20,17,200002
20,83,200002
20,227,200002
20,11,200002
20,27,200002
20,81,200002
20,6,200002
20,47,200002
20,120,200002
20,12,200002
20,165,200002
20,525,200002
20,29,200002
20,13,200002
20,135,200002
20,40,200002
20,142,200002
20,26,200002
20,139,200002
20,96,200002
20,19,200002
20,143,200002
20,18,200002
20,48,200002
20,223,200002
20,32,200002
20,52,200002
20,36,200002
20,59,200002
20,99,200002
20,35,200002
20,60,200002
20,72,200002
20,0,200002
20,77,200002
20,31,200002
20,102,200002
20,14,200002
20,213,200002
20,110,200002
20,108,200002
20,137,200002
20,53,200002
20,154,200002
20,22,200002
20,54,200002
20,261,200002
20,243,200002
20,25,200002
20,71,200002
20,97,200002
20,184,200002
20,89,200002
20,7,200002
20,16,200002
20,160,200002
20,113,200002
20,189,200002
20,69,200002
20,46,200002
20,146,200002
20,8,200002
20,51,200002
20,33,200002
20,183,200002
20,1,200002
20,23,200002
20,107,200002
20,28,200002
20,4,200002
20,64,200002
20,133,200002
21,14,200002
21,132,200002
21,48,200002
21,20,200002
21,112,200002
21,50,200002
21,11,200002
21,134,200002
21,142,200002
21,40,200002
21,55,200002
21,83,200002
21,165,200002
21,34,200002
21,81,200002
21,77,200002
21,154,200002
21,18,200002
21,53,200002
21,12,200002
21,54,200002
21,135,200002
21,6,200002
21,97,200002
21,102,200002
21,80,200002
21,32,200002
21,35,200002
21,99,200002
21,69,200002
21,96,200002
21,27,200002
21,0,200002
21,28,200002
21,22,200002
21,143,200002
21,100,200002
21,64,200002
21,213,200002
21,183,200002
21,25,200002
21,136,200002
21,92,200002
21,85,200002
21,31,200002
21,10,200002
21,51,200002
21,4,200002
21,29,200002
21,113,200002
21,1,200002
21,137,200002
21,17,200002
21,133,200002
21,23,200002
22,92,200002
22,23,200002
22,1,200002
22,60,200002
22,13,200002
22,2,200002
22,29,200002
22,97,200002
22,81,200002
22,152,200002
22,9,200002
22,98,200002
22,18,200002
22,0,200002
22,54,200002
22,124,200002
22,78,200002
22,14,200002
22,131,200002
22,83,200002
22,12,200002
22,69,200002
22,77,200002
22,115,200002
22,21,200002
22,108,200002
22,5,200002
22,165,200002
22,27,200002
22,51,200002
22,134,200002
22,443,200002
22,102,200002
22,183,200002
22,85,200002
22,4,200002
22,11,200002
22,20,200002
22,59,200002
22,6,200002
22,35,200002
22,17,200002
22,107,200002
22,112,200002
22,64,200002
22,96,200002
22,10,200002
22,137,200002
22,146,200002
22,25,200002
22,28,200002
22,136,200002
23,28,200002
23,113,200002
23,120,200002
23,81,200002
23,6,200002
23,165,200002
23,46,200002
23,108,200002
23,100,200002
23,133,200002
23,80,200002
23,19,200002
23,4,200002
23,26,200002
23,25,200002
23,98,200002
23,36,200002
23,83,200002
23,164,200002
23,157,200002
23,72,200002
23,13,200002
23,0,200002
23,97,200002
23,53,200002
23,60,200002
23,99,200002
23,16,200002
23,69,200002
23,125,200002
23,115,200002
23,107,200002
23,85,200002
23,136,200002
23,12,200002
23,77,200002
23,27,200002
23,51,200002
23,146,200002
23,22,200002
23,14,200002
23,2,200002
23,92,200002
23,11,200002
23,135,200002
23,10,200002
23,29,200002
23,137,200002
23,154,200002
23,18,200002
23,20,200002
23,1,200002
23,112,200002
23,5,200002
23,21,200002
24,46,200002
24,81,200002
24,25,200002
24,59,200002
24,17,200002
24,60,200002
24,159,200002
24,188,200002
24,9,200002
24,134,200002
24,13,200002
24,16,200002
24,76,200002
24,152,200002
24,123,200002
24,85,200002
24,29,200002
24,18,200002
24,27,200002
24,126,200002
24,51,200002
24,342,200002
24,156,200002
24,14,200002
24,160,200002
24,137,200002
24,142,200002
24,208,200002
24,106,200002
24,34,200002
24,52,200002
24,38,200002
24,248,200002
24,6,200002
24,135,200002
24,48,200002
24,32,200002
24,99,200002
24,19,200002
24,40,200002
24,97,200002
24,154,200002
25,137,200002
25,69,200002
25,93,200002
25,281,200002
25,124,200002
25,339,200002
25,0,200002
25,154,200002
25,76,200002
25,18,200002
25,83,200002
25,155,200002
25,19,200002
25,64,200002
25,40,200002
25,143,200002
25,146,200002
25,165,200002
25,6,200002
25,107,200002
25,99,200002
25,24,200002
25,126,200002
25,13,200002
25,182,200002
25,32,200002
25,48,200002
25,101,200002
25,98,200002
25,15,200002
25,30,200002
25,86,200002
25,82,200002
25,23,200002
25,100,200002
25,39,200002
25,16,200002
25,176,200002
25,115,200002
25,234,200002
25,248,200002
25,27,200002
25,120,200002
25,54,200002
25,132,200002
25,113,200002
25,149,200002
25,52,200002
25,21,200002
25,121,200002
25,77,200002
25,72,200002
25,10,200002
25,161,200002
25,327,200002
25,2,200002
25,46,200002
25,92,200002
25,110,200002
25,333,200002
25,31,200002
25,78,200002
25,390,200002
25,53,200002
25,337,200002
25,12,200002
25,38,200002
25,340,200002
25,47,200002
25,216,200002
25,45,200002
25,9,200002
25,59,200002
25,80,200002
25,20,200002
25,57,200002
25,157,200002
25,34,200002
25,58,200002
25,393,200002
25,213,200002
25,102,200002
25,94,200002
25,152,200002
25,336,200002
25,371,200002
25,156,200002
25,116,200002
25,341,200002
25,286,200002
25,335,200002
25,153,200002
25,129,200002
25,326,200002
25,188,200002
25,71,200002
25,139,200002
25,160,200002
25,17,200002
25,11,200002
25,51,200002
25,118,200002
25,36,200002
25,89,200002
25,35,200002
25,29,200002
25,81,200002
25,22,200002
25,274,200002
25,112,200002
25,136,200002
25,96,200002
25,4,200002
25,1,200002
25,28,200002
25,14,200002
25,108,200002
25,26,200002
25,97,200002
25,60,200002
25,85,200002
26,96,200002
26,99,200002
26,137,200002
26,6,200002
26,77,200002
26,29,200002
26,51,200002
26,11,200002
26,12,200002
26,112,200002
26,35,200002
26,362,200002
26,14,200002
26,83,200002
26,23,200002
26,20,200002
26,15,200002
26,132,200002
26,320,200002
26,85,200002
26,136,200002
26,139,200002
26,113,200002
26,108,200002
26,158,200002
26,165,200002
26,60,200002
26,129,200002
26,53,200002
26,17,200002
26,131,200002
26,152,200002
26,92,200002
26,141,200002
26,1,200002
26,135,200002
26,32,200002
26,9,200002
26,64,200002
26,4,200002
26,28,200002
26,10,200002
26,48,200002
26,2,200002
26,80,200002
26,213,200002
26,97,200002
26,22,200002
26,71,200002
26,100,200002
26,16,200002
26,143,200002
26,19,200002
26,187,200002
26,57,200002
26,38,200002
26,0,200002
26,27,200002
26,81,200002
26,120,200002
26,76,200002
26,117,200002
26,31,200002
26,54,200002
26,106,200002
26,36,200002
26,160,200002
26,142,200002
26,146,200002
26,18,200002
26,154,200002
26,40,200002
26,25,200002
26,46,200002
26,13,200002
27,97,200002
27,165,200002
27,57,200002
27,64,200002
27,59,200002
27,12,200002
27,120,200002
27,522,200002
27,53,200002
27,40,200002
27,174,200002
27,46,200002
27,320,200002
27,36,200002
27,139,200002
27,11,200002
27,6,200002
27,83,200002
27,102,200002
27,123,200002
27,126,200002
27,134,200002
27,24,200002
27,355,200002
27,52,200002
27,35,200002
27,2,200002
27,22,200002
27,48,200002
27,99,200002
27,81,200002
27,180,200002
27,39,200002
27,248,200002
27,157,200002
27,107,200002
27,4,200002
27,113,200002
27,117,200002
27,26,200002
27,32,200002
27,38,200002
27,96,200002
27,112,200002
27,133,200002
27,25,200002
27,183,200002
27,13,200002
27,1,200002
27,17,200002
27,29,200002
27,146,200002
27,20,200002
27,28,200002
27,21,200002
27,77,200002
27,23,200002
27,0,200002
27,124,200002
27,10,200002
27,16,200002
27,143,200002
27,155,200002
27,119,200002
27,51,200002
27,108,200002
27,54,200002
27,18,200002
27,5,200002
27,19,200002
27,137,200002
27,72,200002
27,60,200002
27,92,200002
27,14,200002
27,160,200002
27,135,200002
27,31,200002
27,9,200002
27,154,200002
27,136,200002
28,5,200002
28,22,200002
28,61,200002
28,29,200002
28,94,200002
28,77,200002
28,13,200002
28,97,200002
28,154,200002
28,19,200002
28,60,200002
28,99,200002
28,18,200002
28,40,200002
28,108,200002
28,57,200002
28,120,200002
28,64,200002
28,117,200002
28,6,200002
28,25,200002
28,14,200002
28,189,200002
28,9,200002
28,52,200002
28,81,200002
28,149,200002
28,137,200002
28,102,200002
28,132,200002
28,1,200002
28,53,200002
28,69,200002
28,45,200002
28,10,200002
28,135,200002
28,35,200002
28,26,200002
28,51,200002
28,112,200002
28,48,200002
28,2,200002
28,85,200002
28,72,200002
28,4,200002
28,0,200002
28,59,200002
28,183,200002
28,155,200002
28,107,200002
28,11,200002
28,92,200002
28,16,200002
28,31,200002
28,46,200002
28,165,200002
28,27,200002
28,136,200002
28,96,200002
28,32,200002
28,146,200002
28,17,200002
28,20,200002
28,21,200002
29,97,200002
29,87,200002
29,54,200002
29,153,200002
29,156,200002
29,23,200002
29,35,200002
29,137,200002
29,31,200002
29,270,200002
29,38,200002
29,132,200002
29,121,200002
29,28,200002
29,180,200002
29,85,200002
29,188,200002
29,52,200002
29,59,200002
29,81,200002
29,83,200002
29,11,200002
29,26,200002
29,79,200002
29,20,200002
29,14,200002
29,124,200002
29,120,200002
29,139,200002
29,69,200002
29,161,200002
29,39,200002
29,338,200002
29,261,200002
29,248,200002
29,96,200002
29,27,200002
29,2,200002
29,107,200002
29,0,200002
29,143,200002
29,4,200002
29,42,200002
29,141,200002
29,224,200002
29,60,200002
29,108,200002
29,267,200002
29,22,200002
29,100,200002
29,213,200002
29,94,200002
29,172,200002
29,62,200002
29,58,200002
29,71,200002
29,233,200002
29,66,200002
29,159,200002
29,292,200002
29,160,200002
29,16,200002
29,44,200002
29,145,200002
29,171,200002
29,57,200002
29,183,200002
29,24,200002
29,12,200002
29,74,200002
29,269,200002
29,40,200002
29,134,200002
29,65,200002
29,101,200002
29,80,200002
29,51,200002
29,15,200002
29,146,200002
29,198,200002
29,125,200002
29,34,200002
29,10,200002
29,176,200002
29,175,200002
29,165,200002
29,55,200002
29,170,200002
29,193,200002
29,53,200002
29,544,200002
29,76,200002
29,144,200002
29,208,200002
29,195,200002
29,126,200002
29,169,200002
29,131,200002
29,242,200002
29,9,200002
29,129,200002
29,36,200002
29,181,200002
29,72,200002
29,25,200002
29,117,200002
29,46,200002
29,89,200002
29,43,200002
29,163,200002
29,5,200002
29,154,200002
29,77,200002
29,21,200002
29,19,200002
29,113,200002
29,142,200002
29,112,200002
29,102,200002
29,48,200002
29,6,200002
29,155,200002
29,18,200002
29,99,200002
29,1,200002
29,32,200002
29,136,200002
29,64,200002
29,13,200002
29,17,200002
30,20,200002
30,32,200002
30,14,200002
30,2,200002
30,25,200002
30,113,200002
30,21,200002
30,136,200002
30,4,200002
30,18,200002
30,11,200002
31,96,200002
31,160,200002
31,143,200002
31,129,200002
31,11,200002
31,26,200002
31,85,200002
31,24,200002
31,32,200002
31,242,200002
31,19,200002
31,180,200002
31,213,200002
31,132,200002
31,102,200002
31,18,200002
31,38,200002
31,174,200002
31,99,200002
31,25,200002
31,131,200002
31,248,200002
31,6,200002
31,265,200002
31,274,200002
31,2,200002
31,113,200002
31,176,200002
31,134,200002
31,115,200002
31,126,200002
31,125,200002
31,52,200002
31,136,200002
31,117,200002
31,35,200002
31,165,200002
31,183,200002
31,17,200002
31,181,200002
31,28,200002
31,78,200002
31,53,200002
31,61,200002
31,64,200002
31,83,200002
31,142,200002
31,120,200002
31,21,200002
31,133,200002
31,112,200002
31,51,200002
31,1,200002
31,23,200002
31,4,200002
31,16,200002
31,81,200002
31,119,200002
31,5,200002
31,155,200002
31,146,200002
31,80,200002
31,100,200002
31,29,200002
31,137,200002
31,40,200002
31,48,200002
31,60,200002
31,27,200002
31,10,200002
31,0,200002
31,46,200002
31,154,200002
31,108,200002
31,135,200002
31,92,200002
31,14,200002
31,97,200002
32,96,200002
32,181,200002
32,77,200002
32,116,200002
32,362,200002
32,6,200002
32,153,200002
32,11,200002
32,79,200002
32,30,200002
32,15,200002
32,120,200002
32,107,200002
32,20,200002
32,53,200002
32,27,200002
32,94,200002
32,46,200002
32,18,200002
32,102,200002
32,140,200002
32,112,200002
32,12,200002
32,108,200002
32,101,200002
32,57,200002
32,60,200002
32,35,200002
32,89,200002
32,72,200002
32,10,200002
32,0,200002
32,31,200002
32,133,200002
32,13,200002
32,5,200002
32,64,200002
32,23,200002
32,48,200002
32,2,200002
32,172,200002
32,1,200002
32,80,200002
32,165,200002
32,292,200002
32,82,200002
32,61,200002
32,156,200002
32,21,200002
32,132,200002
32,110,200002
32,9,200002
32,51,200002
32,137,200002
32,124,200002
32,430,200002
32,161,200002
32,17,200002
32,28,200002
32,421,200002
32,85,200002
32,86,200002
32,151,200002
32,76,200002
32,159,200002
32,92,200002
32,262,200002
32,66,200002
32,71,200002
32,62,200002
32,440,200002
32,332,200002
32,59,200002
32,134,200002
32,545,200002
32,422,200002
32,206,200002
32,117,200002
32,546,200002
32,63,200002
32,74,200002
32,429,200002
32,269,200002
32,276,200002
32,205,200002
32,24,200002
32,16,200002
32,208,200002
32,81,200002
32,176,200002
32,233,200002
32,420,200002
32,198,200002
32,138,200002
32,43,200002
32,75,200002
32,193,200002
32,44,200002
32,270,200002
32,65,200002
32,170,200002
32,175,200002
32,146,200002
32,40,200002
32,171,200002
32,142,200002
32,320,200002
32,143,200002
32,242,200002
32,113,200002
32,197,200002
32,36,200002
32,38,200002
32,180,200002
32,126,200002
32,19,200002
32,129,200002
32,100,200002
32,154,200002
32,83,200002
32,155,200002
32,136,200002
32,52,200002
32,139,200002
32,25,200002
32,131,200002
32,135,200002
32,99,200002
32,29,200002
32,4,200002
32,14,200002
32,97,200002
32,160,200002
32,54,200002
32,26,200002
33,32,200002
33,125,200002
33,5,200002
33,23,200002
33,133,200002
33,248,200002
33,28,200002
33,17,200002
33,136,200002
33,51,200002
33,4,200002
33,20,200002
34,13,200002
34,26,200002
34,208,200002
34,32,200002
34,58,200002
34,19,200002
34,97,200002
34,176,200002
34,18,200002
34,72,200002
34,16,200002
34,131,200002
34,52,200002
34,112,200002
34,64,200002
34,2,200002
34,4,200002
34,31,200002
34,248,200002
34,136,200002
34,137,200002
34,25,200002
34,97,200002
34,160,200002
34,137,200002
34,29,200002
34,136,200002
34,1,200002
34,154,200002
35,18,200002
35,129,200002
35,14,200002
35,46,200002
35,48,200002
35,58,200002
35,25,200002
35,142,200002
35,83,200002
35,120,200002
35,31,200002
35,137,200002
35,23,200002
35,69,200002
35,155,200002
35,139,200002
35,59,200002
35,15,200002
35,2,200002
35,20,200002
35,77,200002
35,11,200002
35,108,200002
35,81,200002
35,78,200002
35,27,200002
35,64,200002
35,172,200002
35,53,200002
35,51,200002
35,13,200002
35,28,200002
35,60,200002
35,26,200002
35,197,200002
35,17,200002
35,132,200002
35,117,200002
35,135,200002
35,10,200002
35,6,200002
35,102,200002
35,136,200002
35,71,200002
35,52,200002
35,97,200002
35,99,200002
35,4,200002
35,1,200002
35,768,200002
35,173,200002
35,16,200002
35,94,200002
35,32,200002
35,347,200002
35,100,200002
35,40,200002
35,0,200002
35,160,200002
35,19,200002
35,769,200002
35,146,200002
35,154,200002
35,29,200002
36,1,200002
36,16,200002
36,108,200002
36,14,200002
36,22,200002
36,26,200002
36,18,200002
36,135,200002
36,142,200002
36,19,200002
36,96,200002
36,27,200002
36,13,200002
36,29,200002
36,5,200002
36,102,200002
36,117,200002
36,81,200002
36,143,200002
36,28,200002
36,120,200002
36,10,200002
36,59,200002
36,0,200002
36,136,200002
36,113,200002
36,32,200002
36,54,200002
36,6,200002
36,180,200002
36,17,200002
36,178,200002
36,52,200002
36,154,200002
36,83,200002
36,40,200002
36,25,200002
36,99,200002
36,119,200002
36,146,200002
36,137,200002
36,46,200002
36,97,200002
38,18,200002
38,83,200002
38,61,200002
38,154,200002
38,141,200002
38,25,200002
38,81,200002
38,120,200002
38,23,200002
38,94,200002
38,12,200002
38,125,200002
38,131,200002
38,34,200002
38,26,200002
38,36,200002
38,45,200002
38,54,200002
38,80,200002
38,77,200002
38,64,200002
38,101,200002
38,22,200002
38,137,200002
38,39,200002
38,13,200002
38,28,200002
38,99,200002
38,2,200002
38,16,200002
38,6,200002
38,59,200002
38,29,200002
38,32,200002
38,40,200002
38,146,200002
38,19,200002
38,46,200002
38,97,200002
39,81,200002
39,16,200002
39,6,200002
39,14,200002
39,26,200002
39,25,200002
39,31,200002
39,29,200002
39,46,200002
39,97,200002
40,14,200002
40,64,200002
40,142,200002
40,80,200002
40,265,200002
40,154,200002
40,66,200002
40,125,200002
40,160,200002
40,146,200002
40,81,200002
40,132,200002
40,188,200002
40,11,200002
40,113,200002
40,9,200002
40,12,200002
40,15,200002
40,112,200002
40,98,200002
40,58,200002
40,233,200002
40,45,200002
40,85,200002
40,77,200002
40,137,200002
40,107,200002
40,320,200002
40,18,200002
40,213,200002
40,136,200002
40,94,200002
40,114,200002
40,278,200002
40,139,200002
40,27,200002
40,16,200002
40,6,200002
40,55,200002
40,208,200002
40,134,200002
40,59,200002
40,76,200002
40,32,200002
40,29,200002
40,175,200002
40,140,200002
40,332,200002
40,181,200002
40,65,200002
40,206,200002
40,129,200002
40,25,200002
40,338,200002
40,75,200002
40,10,200002
40,38,200002
40,36,200002
40,54,200002
40,182,200002
40,63,200002
40,120,200002
40,79,200002
40,48,200002
40,4,200002
40,135,200002
40,143,200002
40,0,200002
40,362,200002
40,24,200002
40,31,200002
40,155,200002
40,176,200002
40,126,200002
40,83,200002
40,117,200002
40,180,200002
40,102,200002
40,35,200002
40,1,200002
40,97,200002
40,52,200002
40,28,200002
40,20,200002
40,99,200002
40,17,200002
40,13,200002
40,108,200002
40,26,200002
40,60,200002
40,19,200002
40,46,200002
41,80,200002
41,135,200002
41,76,200002
41,97,200002
42,29,200002
43,44,200002
43,131,200002
43,16,200002
43,48,200002
43,74,200002
43,430,200002
43,54,200002
43,136,200002
43,97,200002
43,32,200002
43,18,200002
43,29,200002
44,43,200002
44,248,200002
44,29,200002
44,32,200002
44,18,200002
45,27,200002
45,57,200002
45,139,200002
45,36,200002
45,31,200002
45,80,200002
45,16,200002
45,108,200002
45,29,200002
45,26,200002
45,19,200002
45,52,200002
45,38,200002
45,4,200002
45,129,200002
45,154,200002
45,28,200002
45,83,200002
45,99,200002
45,25,200002
45,6,200002
45,46,200002
45,97,200002
46,85,200002
46,146,200002
46,24,200002
46,35,200002
46,38,200002
46,129,200002
46,154,200002
46,12,200002
46,11,200002
46,135,200002
46,34,200002
46,76,200002
46,183,200002
46,102,200002
46,26,200002
46,23,200002
46,142,200002
46,54,200002
46,77,200002
46,65,200002
46,4,200002
46,143,200002
46,27,200002
46,18,200002
46,9,200002
46,137,200002
46,66,200002
46,181,200002
46,155,200002
46,113,200002
46,25,200002
46,16,200002
46,6,200002
46,79,200002
46,180,200002
46,224,200002
46,126,200002
46,141,200002
46,1,200002
46,28,200002
46,58,200002
46,101,200002
46,237,200002
46,342,200002
46,117,200002
46,140,200002
46,176,200002
46,32,200002
46,10,200002
46,136,200002
46,57,200002
46,80,200002
46,156,200002
46,39,200002
46,81,200002
46,29,200002
46,278,200002
46,20,200002
46,64,200002
46,160,200002
46,31,200002
46,78,200002
46,320,200002
46,17,200002
46,45,200002
46,0,200002
46,94,200002
46,97,200002
46,52,200002
46,83,200002
46,120,200002
46,36,200002
46,139,200002
46,100,200002
46,14,200002
46,48,200002
46,13,200002
46,108,200002
46,40,200002
46,99,200002
46,60,200002
46,19,200002
47,6,200002
47,165,200002
47,156,200002
47,124,200002
47,100,200002
47,116,200002
47,14,200002
47,149,200002
47,248,200002
47,97,200002
47,25,200002
47,274,200002
47,137,200002
47,92,200002
48,25,200002
48,5,200002
48,129,200002
48,35,200002
48,81,200002
48,65,200002
48,64,200002
48,320,200002
48,10,200002
48,154,200002
48,161,200002
48,16,200002
48,136,200002
48,26,200002
48,96,200002
48,80,200002
48,142,200002
48,113,200002
48,54,200002
48,108,200002
48,51,200002
48,77,200002
48,32,200002
48,76,200002
48,23,200002
48,107,200002
48,20,200002
48,13,200002
48,160,200002
48,24,200002
48,27,200002
48,17,200002
48,6,200002
48,1,200002
48,143,200002
48,21,200002
48,155,200002
48,135,200002
48,85,200002
48,18,200002
48,52,200002
48,102,200002
48,119,200002
48,11,200002
48,4,200002
48,92,200002
48,341,200002
48,99,200002
48,59,200002
48,0,200002
48,40,200002
48,178,200002
48,31,200002
48,14,200002
48,83,200002
48,29,200002
48,100,200002
48,137,200002
48,146,200002
48,97,200002
48,60,200002
48,46,200002
48,19,200002
49,177,200002
49,51,200002
50,69,200002
50,248,200002
50,51,200002
50,4,200002
51,96,200002
51,13,200002
51,14,200002
51,146,200002
51,137,200002
51,165,200002
51,12,200002
51,1,200002
51,81,200002
51,5,200002
51,65,200002
51,3,200002
51,18,200002
51,108,200002
51,120,200002
51,97,200002
51,126,200002
51,59,200002
51,117,200002
51,131,200002
51,52,200002
51,29,200002
51,72,200002
51,22,200002
51,25,200002
51,16,200002
51,46,200002
51,26,200002
51,196,200002
51,9,200002
51,77,200002
51,2,200002
51,107,200002
51,19,200002
51,35,200002
51,0,200002
51,135,200002
51,6,200002
51,48,200002
51,27,200002
51,92,200002
51,150,200002
51,301,200002
51,28,200002
51,311,200002
51,317,200002
51,223,200002
51,50,200002
51,133,200002
51,164,200002
51,17,200002
51,4,200002
51,213,200002
51,222,200002
51,248,200002
51,23,200002
51,31,200002
51,10,200002
51,866,200002
51,761,200002
51,110,200002
51,177,200002
51,49,200002
51,60,200002
51,741,200002
51,215,200002
51,64,200002
51,112,200002
51,11,200002
51,33,200002
51,184,200002
51,136,200002
51,32,200002
51,214,200002
51,21,200002
51,183,200002
51,154,200002
51,69,200002
51,113,200002
51,89,200002
51,20,200002
52,194,200002
52,281,200002
52,12,200002
52,102,200002
52,160,200002
52,45,200002
52,142,200002
52,233,200002
52,30,200002
52,171,200002
52,18,200002
52,25,200002
52,13,200002
52,165,200002
52,136,200002
52,92,200002
52,23,200002
52,0,200002
52,139,200002
52,2,200002
52,85,200002
52,320,200002
52,51,200002
52,14,200002
52,34,200002
52,112,200002
52,22,200002
52,5,200002
52,28,200002
52,97,200002
52,77,200002
52,60,200002
52,134,200002
52,100,200002
52,21,200002
52,20,200002
52,137,200002
52,1,200002
52,35,200002
52,129,200002
52,108,200002
52,83,200002
52,10,200002
52,48,200002
52,59,200002
52,16,200002
52,6,200002
52,54,200002
52,31,200002
52,36,200002
52,135,200002
52,64,200002
52,99,200002
52,32,200002
52,154,200002
52,40,200002
52,146,200002
52,46,200002
52,29,200002
52,19,200002
53,154,200002
53,13,200002
53,41,200002
53,60,200002
53,11,200002
53,27,200002
53,24,200002
53,35,200002
53,76,200002
53,137,200002
53,51,200002
53,6,200002
53,4,200002
53,143,200002
53,77,200002
53,108,200002
53,29,200002
53,83,200002
53,5,200002
53,16,200002
53,26,200002
53,18,200002
53,97,200002
53,31,200002
53,99,200002
53,64,200002
53,17,200002
53,20,200002
53,112,200002
53,25,200002
53,10,200002
53,1,200002
53,136,200002
54,97,200002
54,176,200002
54,42,200002
54,51,200002
54,129,200002
54,21,200002
54,146,200002
54,20,200002
54,18,200002
54,250,200002
54,45,200002
54,208,200002
54,72,200002
54,23,200002
54,112,200002
54,6,200002
54,76,200002
54,27,200002
54,141,200002
54,63,200002
54,99,200002
54,38,200002
54,32,200002
54,0,200002
54,188,200002
54,80,200002
54,143,200002
54,46,200002
54,36,200002
54,120,200002
54,25,200002
54,113,200002
54,31,200002
54,43,200002
54,136,200002
54,213,200002
54,13,200002
54,22,200002
54,108,200002
54,60,200002
54,35,200002
54,248,200002
54,4,200002
54,48,200002
54,81,200002
54,2,200002
54,137,200002
54,64,200002
54,16,200002
54,131,200002
54,52,200002
54,375,200002
54,83,200002
54,135,200002
54,10,200002
54,12,200002
54,139,200002
54,19,200002
54,29,200002
54,40,200002
54,17,200002
54,1,200002
54,26,200002
54,160,200002
54,154,200002
55,11,200002
55,154,200002
55,27,200002
55,5,200002
55,32,200002
55,108,200002
55,16,200002
55,40,200002
55,6,200002
55,29,200002
55,19,200002
57,320,200002
57,100,200002
57,58,200002
57,142,200002
57,274,200002
57,66,200002
57,32,200002
57,0,200002
57,117,200002
57,48,200002
57,19,200002
57,25,200002
57,77,200002
57,18,200002
57,81,200002
57,76,200002
57,154,200002
57,26,200002
57,97,200002
57,6,200002
57,29,200002
57,137,200002
57,46,200002
58,181,200002
58,146,200002
58,140,200002
58,79,200002
58,57,200002
58,18,200002
58,34,200002
58,176,200002
58,342,200002
58,19,200002
58,16,200002
58,154,200002
58,76,200002
58,165,200002
58,216,200002
58,137,200002
58,29,200002
58,25,200002
58,160,200002
58,46,200002
58,97,200002
59,87,200002
59,26,200002
59,54,200002
59,48,200002
59,270,200002
59,1,200002
59,29,200002
59,96,200002
59,172,200002
59,17,200002
59,27,200002
59,28,200002
59,129,200002
59,136,200002
59,110,200002
59,20,200002
59,32,200002
59,83,200002
59,13,200002
59,16,200002
59,117,200002
59,19,200002
59,180,200002
59,120,200002
59,52,200002
59,25,200002
59,102,200002
59,126,200002
59,14,200002
59,40,200002
59,38,200002
59,4,200002
59,142,200002
59,0,200002
59,137,200002
59,99,200002
59,112,200002
59,10,200002
59,18,200002
59,108,200002
59,51,200002
59,36,200002
59,35,200002
59,146,200002
59,135,200002
59,11,200002
59,60,200002
59,154,200002
59,97,200002
60,81,200002
60,77,200002
60,59,200002
60,261,200002
60,19,200002
60,13,200002
60,26,200002
60,45,200002
60,29,200002
60,136,200002
60,15,200002
60,237,200002
60,27,200002
60,72,200002
60,51,200002
60,48,200002
60,53,200002
60,17,200002
60,110,200002
60,112,200002
60,4,200002
60,24,200002
60,1,200002
60,183,200002
60,35,200002
60,92,200002
60,6,200002
60,10,200002
60,165,200002
60,153,200002
60,113,200002
60,55,200002
60,28,200002
60,89,200002
60,20,200002
60,142,200002
60,97,200002
60,76,200002
60,5,200002
60,135,200002
60,54,200002
60,16,200002
60,108,200002
60,75,200002
60,12,200002
60,117,200002
60,176,200002
60,269,200002
60,102,200002
60,83,200002
60,155,200002
60,32,200002
60,85,200002
60,157,200002
60,119,200002
60,341,200002
60,129,200002
60,2,200002
60,52,200002
60,79,200002
60,143,200002
60,180,200002
60,80,200002
60,126,200002
60,187,200002
60,99,200002
60,96,200002
60,154,200002
60,178,200002
60,31,200002
60,64,200002
60,0,200002
60,18,200002
60,14,200002
60,11,200002
60,160,200002
60,137,200002
60,146,200002
60,40,200002
60,46,200002
60,25,200002
61,170,200002
61,6,200002
61,64,200002
61,21,200002
61,83,200002
61,85,200002
61,160,200002
61,415,200002
61,32,200002
61,25,200002
61,111,200002
61,18,200002
61,136,200002
61,154,200002
62,262,200002
62,31,200002
62,32,200002
62,29,200002
62,154,200002
62,16,200002
62,97,200002
63,19,200002
63,102,200002
63,140,200002
63,142,200002
63,16,200002
63,32,200002
63,97,200002
63,40,200002
64,14,200002
64,77,200002
64,154,200002
64,72,200002
64,180,200002
64,4,200002
64,25,200002
64,161,200002
64,29,200002
64,80,200002
64,107,200002
64,130,200002
64,160,200002
64,170,200002
64,0,200002
64,18,200002
64,13,200002
64,20,200002
64,188,200002
64,10,200002
64,237,200002
64,152,200002
64,5,200002
64,100,200002
64,2,200002
64,75,200002
64,21,200002
64,101,200002
64,176,200002
64,45,200002
64,113,200002
64,139,200002
64,108,200002
64,137,200002
64,142,200002
64,22,200002
64,27,200002
64,172,200002
64,129,200002
64,16,200002
64,54,200002
64,32,200002
64,40,200002
64,85,200002
64,51,200002
64,117,200002
64,19,200002
64,6,200002
64,1,200002
64,35,200002
64,81,200002
64,112,200002
64,52,200002
64,48,200002
64,135,200002
64,11,200002
64,83,200002
64,28,200002
64,97,200002
64,46,200002
64,17,200002
64,60,200002
64,26,200002
64,136,200002
65,176,200002
65,188,200002
65,171,200002
65,46,200002
65,6,200002
65,52,200002
65,16,200002
65,206,200002
65,154,200002
65,32,200002
65,40,200002
65,29,200002
65,97,200002
65,146,200002
66,16,200002
66,197,200002
66,143,200002
66,101,200002
66,126,200002
66,9,200002
66,38,200002
66,140,200002
66,29,200002
66,76,200002
66,0,200002
66,248,200002
66,32,200002
66,154,200002
66,40,200002
66,146,200002
69,27,200002
69,143,200002
69,131,200002
69,32,200002
69,222,200002
69,177,200002
69,19,200002
69,23,200002
69,99,200002
69,33,200002
69,97,200002
69,6,200002
69,9,200002
69,72,200002
69,150,200002
69,22,200002
69,26,200002
69,248,200002
69,28,200002
69,10,200002
69,1,200002
69,112,200002
69,21,200002
69,17,200002
69,136,200002
69,11,200002
69,107,200002
69,183,200002
69,29,200002
69,5,200002
69,18,200002
69,20,200002
69,51,200002
69,4,200002
70,17,200002
70,11,200002
70,97,200002
70,248,200002
70,136,200002
71,53,200002
71,70,200002
71,10,200002
71,35,200002
71,13,200002
71,26,200002
71,32,200002
71,6,200002
71,29,200002
71,17,200002
71,20,200002
71,25,200002
71,97,200002
71,18,200002
71,136,200002
71,137,200002
72,52,200002
72,46,200002
72,146,200002
72,137,200002
72,81,200002
72,85,200002
72,31,200002
72,24,200002
72,108,200002
72,99,200002
72,100,200002
72,18,200002
72,35,200002
72,2,200002
72,112,200002
72,96,200002
72,93,200002
72,124,200002
72,149,200002
72,133,200002
72,165,200002
72,9,200002
72,32,200002
72,0,200002
72,248,200002
72,77,200002
72,135,200002
72,10,200002
72,11,200002
72,154,200002
72,27,200002
72,1,200002
72,29,200002
72,92,200002
72,97,200002
72,136,200002
72,25,200002
72,274,200002
73,544,200002
73,97,200002
74,137,200002
74,6,200002
74,223,200002
74,61,200002
74,84,200002
74,146,200002
74,64,200002
74,117,200002
74,131,200002
74,0,200002
74,43,200002
74,248,200002
74,18,200002
74,29,200002
74,32,200002
75,175,200002
75,151,200002
75,26,200002
75,248,200002
75,48,200002
75,19,200002
75,60,200002
75,16,200002
75,32,200002
75,40,200002
75,97,200002
76,31,200002
76,194,200002
76,24,200002
76,112,200002
76,237,200002
76,101,200002
76,137,200002
76,34,200002
76,21,200002
76,72,200002
76,29,200002
76,1,200002
76,66,200002
76,154,200002
76,81,200002
76,181,200002
76,134,200002
76,96,200002
76,27,200002
76,180,200002
76,142,200002
76,0,200002
76,156,200002
76,135,200002
76,160,200002
76,46,200002
76,60,200002
76,16,200002
76,99,200002
76,32,200002
76,40,200002
76,25,200002
76,26,200002
76,146,200002
76,19,200002
76,6,200002
76,97,200002
77,194,200002
77,81,200002
77,146,200002
77,160,200002
77,29,200002
77,31,200002
77,23,200002
77,83,200002
77,72,200002
77,180,200002
77,181,200002
77,12,200002
77,132,200002
77,48,200002
77,119,200002
77,40,200002
77,242,200002
77,64,200002
77,38,200002
77,58,200002
77,34,200002
77,16,200002
77,25,200002
77,51,200002
77,19,200002
77,6,200002
77,18,200002
77,28,200002
77,13,200002
77,5,200002
77,182,200002
77,46,200002
77,53,200002
77,112,200002
77,152,200002
77,1,200002
77,97,200002
77,124,200002
77,197,200002
77,94,200002
77,155,200002
77,59,200002
77,126,200002
77,9,200002
77,32,200002
77,113,200002
77,183,200002
77,14,200002
77,20,200002
77,102,200002
77,4,200002
77,2,200002
77,36,200002
77,35,200002
77,27,200002
77,187,200002
77,108,200002
77,17,200002
77,129,200002
77,92,200002
77,0,200002
77,135,200002
77,100,200002
77,60,200002
77,10,200002
77,26,200002
77,99,200002
77,154,200002
77,375,200002
77,139,200002
77,137,200002
77,136,200002
78,102,200002
78,0,200002
78,80,200002
78,76,200002
78,32,200002
78,16,200002
78,4,200002
78,28,200002
78,64,200002
78,77,200002
78,29,200002
78,19,200002
78,35,200002
78,13,200002
78,25,200002
78,6,200002
78,97,200002
78,46,200002
79,6,200002
79,54,200002
79,34,200002
79,66,200002
79,31,200002
79,170,200002
79,77,200002
79,181,200002
79,140,200002
79,18,200002
79,175,200002
79,27,200002
79,176,200002
79,156,200002
79,1,200002
79,16,200002
79,32,200002
79,46,200002
79,60,200002
79,29,200002
79,97,200002
79,40,200002
80,17,200002
80,18,200002
80,320,200002
80,143,200002
80,24,200002
80,25,200002
80,40,200002
80,78,200002
80,12,200002
80,116,200002
80,99,200002
80,137,200002
80,38,200002
80,165,200002
80,45,200002
80,76,200002
80,102,200002
80,94,200002
80,52,200002
80,28,200002
80,81,200002
80,27,200002
80,13,200002
80,20,200002
80,10,200002
80,16,200002
80,83,200002
80,98,200002
80,1,200002
80,157,200002
80,6,200002
80,48,200002
80,154,200002
80,100,200002
80,32,200002
80,60,200002
80,29,200002
80,108,200002
80,135,200002
80,146,200002
80,31,200002
80,92,200002
80,160,200002
80,14,200002
80,46,200002
80,0,200002
80,97,200002
81,142,200002
81,16,200002
81,146,200002
81,32,200002
81,99,200002
81,155,200002
81,362,200002
81,160,200002
81,126,200002
81,196,200002
81,181,200002
81,278,200002
81,17,200002
81,45,200002
81,113,200002
81,18,200002
81,117,200002
81,110,200002
81,137,200002
81,136,200002
81,135,200002
81,38,200002
81,197,200002
81,133,200002
81,92,200002
81,9,200002
81,112,200002
81,31,200002
81,5,200002
81,104,200002
81,165,200002
81,27,200002
81,125,200002
81,4,200002
81,21,200002
81,108,200002
81,0,200002
81,6,200002
81,11,200002
81,22,200002
81,1,200002
81,107,200002
81,171,200002
81,129,200002
81,83,200002
81,13,200002
81,72,200002
81,134,200002
81,97,200002
81,51,200002
81,120,200002
81,180,200002
81,35,200002
81,28,200002
81,100,200002
81,20,200002
81,14,200002
81,2,200002
81,52,200002
81,139,200002
81,54,200002
81,48,200002
81,60,200002
81,154,200002
81,64,200002
81,26,200002
81,40,200002
81,29,200002
81,46,200002
81,19,200002
81,25,200002
81,10,200002
82,31,200002
82,29,200002
82,32,200002
82,6,200002
82,97,200002
83,81,200002
83,32,200002
83,60,200002
83,10,200002
83,9,200002
83,43,200002
83,320,200002
83,77,200002
83,121,200002
83,123,200002
83,131,200002
83,92,200002
83,188,200002
83,134,200002
83,0,200002
83,100,200002
83,163,200002
83,104,200002
83,136,200002
83,57,200002
83,18,200002
83,23,200002
83,4,200002
83,30,200002
83,544,200002
83,27,200002
83,78,200002
83,85,200002
83,25,200002
83,21,200002
83,113,200002
83,79,200002
83,29,200002
83,53,200002
83,120,200002
83,224,200002
83,117,200002
83,35,200002
83,135,200002
83,11,200002
83,1,200002
83,28,200002
83,129,200002
83,96,200002
83,154,200002
83,160,200002
83,13,200002
83,126,200002
83,278,200002
83,102,200002
83,52,200002
83,16,200002
83,59,200002
83,17,200002
83,45,200002
83,108,200002
83,54,200002
83,143,200002
83,99,200002
83,36,200002
83,6,200002
83,26,200002
83,195,200002
83,19,200002
83,146,200002
83,97,200002
83,64,200002
83,40,200002
83,14,200002
83,48,200002
83,31,200002
83,46,200002
83,137,200002
84,30,200002
84,135,200002
84,52,200002
84,88,200002
84,223,200002
84,4,200002
84,18,200002
84,11,200002
85,137,200002
85,69,200002
85,25,200002
85,281,200002
85,19,200002
85,120,200002
85,129,200002
85,135,200002
85,51,200002
85,80,200002
85,5,200002
85,30,200002
85,9,200002
85,156,200002
85,23,200002
85,52,200002
85,117,200002
85,96,200002
85,21,200002
85,154,200002
85,152,200002
85,183,200002
85,99,200002
85,100,200002
85,6,200002
85,35,200002
85,143,200002
85,4,200002
85,2,200002
85,133,200002
85,107,200002
85,108,200002
85,157,200002
85,26,200002
85,38,200002
85,12,200002
85,77,200002
85,48,200002
85,29,200002
85,40,200002
85,46,200002
85,112,200002
85,28,200002
85,155,200002
85,0,200002
85,124,200002
85,248,200002
85,102,200002
85,113,200002
85,92,200002
85,83,200002
85,161,200002
85,116,200002
85,97,200002
85,72,200002
85,14,200002
85,93,200002
85,60,200002
85,64,200002
85,20,200002
85,149,200002
85,146,200002
85,18,200002
85,31,200002
85,17,200002
85,11,200002
85,115,200002
85,160,200002
85,274,200002
85,165,200002
85,10,200002
85,1,200002
85,136,200002
86,48,200002
86,238,200002
86,52,200002
86,20,200002
86,32,200002
86,4,200002
86,11,200002
86,18,200002
87,396,200002
87,203,200002
87,89,200002
88,84,200002
88,4,200002
88,11,200002
89,87,200002
89,212,200002
89,139,200002
89,396,200002
89,91,200002
89,14,200002
89,160,200002
89,7,200002
89,135,200002
89,5,200002
89,1,200002
89,323,200002
89,770,200002
89,11,200002
89,10,200002
89,90,200002
89,6,200002
89,20,200002
89,17,200002
89,137,200002
89,154,200002
89,25,200002
89,29,200002
89,51,200002
89,8,200002
89,97,200002
89,32,200002
89,4,200002
89,18,200002
89,243,200002
90,89,200002
90,8,200002
90,7,200002
90,243,200002
91,87,200002
91,89,200002
92,1,200002
92,96,200002
92,134,200002
92,112,200002
92,180,200002
92,81,200002
92,26,200002
92,108,200002
92,23,200002
92,248,200002
92,51,200002
92,6,200002
92,85,200002
92,20,200002
92,32,200002
92,155,200002
92,5,200002
92,16,200002
92,83,200002
92,25,200002
92,28,200002
92,100,200002
92,12,200002
92,77,200002
92,107,200002
92,119,200002
92,4,200002
92,11,200002
92,97,200002
92,116,200002
92,48,200002
92,18,200002
92,124,200002
92,102,200002
92,115,200002
92,341,200002
92,137,200002
92,60,200002
92,17,200002
92,80,200002
92,149,200002
92,157,200002
92,165,200002
92,27,200002
92,9,200002
92,14,200002
92,135,200002
92,72,200002
92,47,200002
92,31,200002
92,10,200002
92,154,200002
92,93,200002
92,2,200002
92,0,200002
92,274,200002
93,115,200002
93,116,200002
93,149,200002
93,96,200002
93,165,200002
93,72,200002
93,85,200002
93,18,200002
93,2,200002
93,25,200002
93,274,200002
93,137,200002
93,92,200002
94,135,200002
94,113,200002
94,18,200002
94,85,200002
94,77,200002
94,10,200002
94,40,200002
94,143,200002
94,29,200002
94,19,200002
94,97,200002
94,25,200002
94,16,200002
94,154,200002
94,35,200002
94,146,200002
94,6,200002
94,32,200002
94,46,200002
96,13,200002
96,136,200002
96,10,200002
96,26,200002
96,51,200002
96,1,200002
96,30,200002
96,29,200002
96,157,200002
96,11,200002
96,132,200002
96,146,200002
96,216,200002
96,5,200002
96,81,200002
96,53,200002
96,23,200002
96,32,200002
96,61,200002
96,85,200002
96,6,200002
96,183,200002
96,139,200002
96,27,200002
96,97,200002
96,76,200002
96,14,200002
96,188,200002
96,35,200002
96,121,200002
96,58,200002
96,93,200002
96,12,200002
96,69,200002
96,107,200002
96,124,200002
96,248,200002
96,19,200002
96,64,200002
96,99,200002
96,165,200002
96,9,200002
96,113,200002
96,20,200002
96,22,200002
96,112,200002
96,21,200002
96,2,200002
96,154,200002
96,149,200002
96,60,200002
96,135,200002
96,4,200002
96,115,200002
96,108,200002
96,116,200002
96,92,200002
96,18,200002
96,137,200002
96,28,200002
96,17,200002
96,25,200002
96,274,200002
97,96,200002
97,14,200002
97,10,200002
97,29,200002
97,1,200002
97,28,200002
97,4,200002
97,20,200002
97,155,200002
97,154,200002
97,113,200002
97,355,200002
97,54,200002
97,27,200002
97,132,200002
97,22,200002
97,55,200002
97,99,200002
97,242,200002
97,208,200002
97,6,200002
97,15,200002
97,94,200002
97,213,200002
97,13,200002
97,23,200002
97,137,200002
97,77,200002
97,183,200002
97,11,200002
97,112,200002
97,171,200002
97,143,200002
97,121,200002
97,135,200002
97,278,200002
97,59,200002
97,21,200002
97,182,200002
97,131,200002
97,52,200002
97,152,200002
97,180,200002
97,107,200002
97,83,200002
97,38,200002
97,66,200002
97,51,200002
97,181,200002
97,26,200002
97,43,200002
97,32,200002
97,163,200002
97,5,200002
97,126,200002
97,70,200002
97,117,200002
97,18,200002
97,60,200002
97,153,200002
97,17,200002
97,187,200002
97,157,200002
97,118,200002
97,57,200002
97,393,200002
97,16,200002
97,797,200002
97,540,200002
97,85,200002
97,92,200002
97,320,200002
97,35,200002
97,2,200002
97,458,200002
97,334,200002
97,47,200002
97,34,200002
97,165,200002
97,1052,200002
97,7,200002
97,510,200002
97,195,200002
97,41,200002
97,136,200002
97,452,200002
97,175,200002
97,398,200002
97,119,200002
97,62,200002
97,101,200002
97,307,200002
97,455,200002
97,216,200002
97,63,200002
97,71,200002
97,198,200002
97,82,200002
97,78,200002
97,65,200002
97,342,200002
97,341,200002
97,435,200002
97,250,200002
97,158,200002
97,106,200002
97,53,200002
97,167,200002
97,79,200002
97,134,200002
97,544,200002
97,176,200002
97,269,200002
97,140,200002
97,142,200002
97,76,200002
97,188,200002
97,24,200002
97,197,200002
97,141,200002
97,64,200002
97,0,200002
97,237,200002
97,160,200002
97,100,200002
97,139,200002
97,9,200002
97,172,200002
97,75,200002
97,72,200002
97,12,200002
97,860,200002
97,19,200002
97,40,200002
97,73,200002
97,89,200002
97,98,200002
97,249,200002
97,46,200002
97,224,200002
97,124,200002
97,102,200002
97,48,200002
97,108,200002
97,156,200002
97,58,200002
97,120,200002
97,39,200002
97,25,200002
97,81,200002
97,45,200002
97,80,200002
97,129,200002
97,31,200002
97,146,200002
97,36,200002
98,118,200002
98,106,200002
98,13,200002
98,25,200002
98,77,200002
98,143,200002
98,167,200002
98,157,200002
98,46,200002
98,96,200002
98,5,200002
98,152,200002
98,80,200002
98,99,200002
98,146,200002
98,137,200002
98,160,200002
98,97,200002
99,31,200002
99,81,200002
99,69,200002
99,2,200002
99,100,200002
99,76,200002
99,161,200002
99,101,200002
99,18,200002
99,72,200002
99,53,200002
99,28,200002
99,10,200002
99,11,200002
99,181,200002
99,1,200002
99,32,200002
99,320,200002
99,20,200002
99,112,200002
99,122,200002
99,137,200002
99,4,200002
99,154,200002
99,144,200002
99,362,200002
99,0,200002
99,17,200002
99,141,200002
99,27,200002
99,54,200002
99,9,200002
99,85,200002
99,21,200002
99,23,200002
99,136,200002
99,132,200002
99,41,200002
99,77,200002
99,58,200002
99,113,200002
99,134,200002
99,213,200002
99,51,200002
99,98,200002
99,165,200002
99,157,200002
99,139,200002
99,129,200002
99,96,200002
99,45,200002
99,35,200002
99,155,200002
99,12,200002
99,60,200002
99,142,200002
99,143,200002
99,97,200002
99,48,200002
99,117,200002
99,24,200002
99,59,200002
99,126,200002
99,180,200002
99,83,200002
99,19,200002
99,13,200002
99,108,200002
99,16,200002
99,36,200002
99,102,200002
99,52,200002
99,160,200002
99,146,200002
99,40,200002
99,29,200002
99,25,200002
99,6,200002
99,46,200002
99,26,200002
100,14,200002
100,24,200002
100,19,200002
100,154,200002
100,195,200002
100,99,200002
100,60,200002
100,22,200002
100,13,200002
100,108,200002
100,16,200002
100,6,200002
100,45,200002
100,4,200002
100,27,200002
100,2,200002
100,32,200002
100,165,200002
100,83,200002
100,149,200002
100,112,200002
100,29,200002
100,181,200002
100,31,200002
100,21,200002
100,77,200002
100,40,200002
100,81,200002
100,860,200002
100,134,200002
100,20,200002
100,64,200002
100,61,200002
100,54,200002
100,155,200002
100,156,200002
100,136,200002
100,11,200002
100,38,200002
100,52,200002
100,17,200002
100,102,200002
100,135,200002
100,92,200002
100,80,200002
100,1,200002
100,0,200002
100,26,200002
100,160,200002
100,146,200002
100,35,200002
100,25,200002
100,137,200002
100,97,200002
100,48,200002
100,46,200002
101,146,200002
101,77,200002
101,181,200002
101,9,200002
101,15,200002
101,45,200002
101,544,200002
101,180,200002
101,154,200002
101,137,200002
101,14,200002
101,142,200002
101,120,200002
101,6,200002
101,0,200002
101,64,200002
101,60,200002
101,16,200002
101,32,200002
101,160,200002
101,25,200002
101,29,200002
101,97,200002
101,46,200002
102,242,200002
102,27,200002
102,188,200002
102,97,200002
102,142,200002
102,113,200002
102,94,200002
102,80,200002
102,12,200002
102,35,200002
102,29,200002
102,136,200002
102,165,200002
102,157,200002
102,119,200002
102,0,200002
102,1,200002
102,4,200002
102,10,200002
102,2,200002
102,112,200002
102,48,200002
102,81,200002
102,85,200002
102,28,200002
102,13,200002
102,137,200002
102,21,200002
102,5,200002
102,83,200002
102,100,200002
102,36,200002
102,17,200002
102,16,200002
102,60,200002
102,59,200002
102,108,200002
102,6,200002
102,92,200002
102,25,200002
102,31,200002
102,146,200002
102,46,200002
102,135,200002
102,99,200002
102,32,200002
102,40,200002
102,19,200002
102,14,200002
104,13,200002
104,26,200002
104,25,200002
104,6,200002
104,18,200002
104,248,200002
104,10,200002
104,154,200002
104,136,200002
104,137,200002
105,228,200002
105,317,200002
105,183,200002
106,120,200002
106,81,200002
106,6,200002
106,97,200002
106,26,200002
107,154,200002
107,11,200002
107,96,200002
107,102,200002
107,10,200002
107,54,200002
107,12,200002
107,265,200002
107,9,200002
107,0,200002
107,247,200002
107,28,200002
107,143,200002
107,1,200002
107,136,200002
107,115,200002
107,14,200002
107,51,200002
107,81,200002
107,53,200002
107,99,200002
107,165,200002
107,25,200002
107,29,200002
107,113,200002
107,222,200002
107,92,200002
107,23,200002
107,133,200002
107,112,200002
107,69,200002
107,32,200002
107,183,200002
107,18,200002
107,4,200002
107,17,200002
107,137,200002
107,20,200002
107,5,200002
108,48,200002
108,11,200002
108,60,200002
108,113,200002
108,19,200002
108,107,200002
108,36,200002
108,27,200002
108,320,200002
108,28,200002
108,51,200002
108,2,200002
108,25,200002
108,131,200002
108,34,200002
108,71,200002
108,20,200002
108,1,200002
108,29,200002
108,154,200002
108,26,200002
108,13,200002
108,149,200002
108,17,200002
108,18,200002
108,180,200002
108,4,200002
108,101,200002
108,102,200002
108,142,200002
108,860,200002
108,307,200002
108,38,200002
108,16,200002
108,77,200002
108,64,200002
108,5,200002
108,163,200002
108,22,200002
108,132,200002
108,143,200002
108,12,200002
108,136,200002
108,135,200002
108,52,200002
108,155,200002
108,10,200002
108,32,200002
108,83,200002
108,119,200002
108,85,200002
108,100,200002
108,54,200002
108,341,200002
108,59,200002
108,129,200002
108,96,200002
108,92,200002
108,80,200002
108,81,200002
108,6,200002
108,178,200002
108,35,200002
108,99,200002
108,31,200002
108,14,200002
108,0,200002
108,160,200002
108,137,200002
108,146,200002
108,97,200002
108,40,200002
108,46,200002
109,305,200002
109,128,200002
109,633,200002
109,306,200002
109,427,200002
109,127,200002
109,110,200002
109,4,200002
110,185,200002
110,230,200002
110,232,200002
110,465,200002
110,225,200002
110,474,200002
110,231,200002
110,229,200002
110,351,200002
110,352,200002
110,226,200002
110,186,200002
110,0,200002
110,26,200002
110,129,200002
110,200,200002
110,5,200002
110,77,200002
110,235,200002
110,290,200002
110,108,200002
110,128,200002
110,306,200002
110,633,200002
110,201,200002
110,191,200002
110,146,200002
110,190,200002
110,112,200002
110,20,200002
110,1,200002
110,425,200002
110,305,200002
110,137,200002
110,427,200002
110,127,200002
110,25,200002
110,51,200002
110,17,200002
110,4,200002
110,525,200002
110,424,200002
110,154,200002
110,196,200002
110,109,200002
110,18,200002
110,11,200002
111,18,200002
111,0,200002
111,100,200002
111,19,200002
111,160,200002
111,415,200002
111,136,200002
112,59,200002
112,20,200002
112,137,200002
112,156,200002
112,19,200002
112,146,200002
112,120,200002
112,116,200002
112,15,200002
112,16,200002
112,4,200002
112,99,200002
112,97,200002
112,85,200002
112,77,200002
112,154,200002
112,9,200002
112,18,200002
112,248,200002
112,26,200002
112,1,200002
112,181,200002
112,165,200002
112,52,200002
112,60,200002
112,124,200002
112,213,200002
112,13,200002
112,135,200002
112,53,200002
112,108,200002
112,32,200002
112,27,200002
112,0,200002
112,71,200002
112,92,200002
112,25,200002
112,2,200002
112,110,200002
112,69,200002
112,22,200002
112,14,200002
112,31,200002
112,96,200002
112,11,200002
112,6,200002
112,107,200002
112,183,200002
112,51,200002
112,10,200002
112,64,200002
112,29,200002
112,28,200002
112,17,200002
112,23,200002
112,136,200002
112,113,200002
112,133,200002
113,29,200002
113,64,200002
113,19,200002
113,40,200002
113,146,200002
113,61,200002
113,6,200002
113,13,200002
113,31,200002
113,131,200002
113,97,200002
113,35,200002
113,14,200002
113,233,200002
113,137,200002
113,83,200002
113,54,200002
113,99,200002
113,27,200002
113,155,200002
113,52,200002
113,45,200002
113,16,200002
113,51,200002
113,124,200002
113,5,200002
113,18,200002
113,12,200002
113,0,200002
113,60,200002
113,36,200002
113,129,200002
113,136,200002
113,30,200002
113,26,200002
113,108,200002
113,107,200002
113,25,200002
113,4,200002
113,10,200002
113,32,200002
113,20,200002
113,154,200002
113,21,200002
113,11,200002
113,1,200002
113,112,200002
114,16,200002
114,6,200002
114,40,200002
115,124,200002
115,48,200002
115,60,200002
115,112,200002
115,5,200002
115,137,200002
115,93,200002
115,28,200002
115,17,200002
115,0,200002
115,25,200002
115,1,200002
115,92,200002
115,165,200002
115,10,200002
115,96,200002
115,85,200002
115,274,200002
116,47,200002
116,72,200002
116,69,200002
116,76,200002
116,20,200002
116,5,200002
116,135,200002
116,93,200002
116,248,200002
116,17,200002
116,2,200002
116,136,200002
116,85,200002
116,1,200002
116,92,200002
116,96,200002
116,25,200002
116,10,200002
116,137,200002
116,274,200002
117,76,200002
117,83,200002
117,69,200002
117,2,200002
117,141,200002
117,278,200002
117,0,200002
117,97,200002
117,142,200002
117,137,200002
117,143,200002
117,129,200002
117,36,200002
117,14,200002
117,28,200002
117,154,200002
117,60,200002
117,126,200002
117,35,200002
117,32,200002
117,108,200002
117,59,200002
117,6,200002
117,13,200002
117,16,200002
117,64,200002
117,99,200002
117,46,200002
117,26,200002
117,29,200002
117,40,200002
117,19,200002
118,540,200002
118,19,200002
118,137,200002
118,97,200002
118,25,200002
119,75,200002
119,102,200002
119,120,200002
119,52,200002
119,27,200002
119,5,200002
119,112,200002
119,77,200002
119,143,200002
119,28,200002
119,0,200002
119,17,200002
119,1,200002
119,92,200002
119,16,200002
119,108,200002
119,31,200002
119,60,200002
119,97,200002
119,48,200002
119,135,200002
119,139,200002
119,36,200002
119,14,200002
120,26,200002
120,181,200002
120,34,200002
120,129,200002
120,154,200002
120,62,200002
120,38,200002
120,18,200002
120,188,200002
120,183,200002
120,29,200002
120,342,200002
120,83,200002
120,32,200002
120,41,200002
120,57,200002
120,10,200002
120,1,200002
120,28,200002
120,25,200002
120,142,200002
120,85,200002
120,17,200002
120,139,200002
120,155,200002
120,278,200002
120,35,200002
120,108,200002
120,16,200002
120,13,200002
120,59,200002
120,6,200002
120,154,200002
120,32,200002
120,146,200002
120,26,200002
120,137,200002
120,40,200002
120,29,200002
120,19,200002
120,46,200002
120,97,200002
121,25,200002
121,14,200002
121,12,200002
121,154,200002
121,137,200002
121,96,200002
121,97,200002
121,29,200002
121,1,200002
122,265,200002
122,135,200002
122,137,200002
122,18,200002
122,136,200002
123,52,200002
123,77,200002
123,234,200002
123,248,200002
123,18,200002
124,29,200002
124,96,200002
124,24,200002
124,180,200002
124,152,200002
124,38,200002
124,32,200002
124,101,200002
124,23,200002
124,116,200002
124,80,200002
124,53,200002
124,22,200002
124,77,200002
124,157,200002
124,112,200002
124,0,200002
124,93,200002
124,136,200002
124,160,200002
124,99,200002
124,2,200002
124,17,200002
124,1,200002
124,135,200002
124,92,200002
124,25,200002
124,146,200002
124,137,200002
124,154,200002
124,97,200002
124,274,200002
125,143,200002
125,12,200002
125,46,200002
125,102,200002
125,101,200002
125,146,200002
125,6,200002
125,21,200002
125,31,200002
125,18,200002
125,29,200002
125,136,200002
125,154,200002
126,6,200002
126,354,200002
126,139,200002
126,74,200002
126,31,200002
126,77,200002
126,51,200002
126,97,200002
126,27,200002
126,63,200002
126,57,200002
126,80,200002
126,11,200002
126,136,200002
126,4,200002
126,81,200002
126,65,200002
126,112,200002
126,154,200002
126,38,200002
126,24,200002
126,120,200002
126,117,200002
126,83,200002
126,36,200002
126,18,200002
126,59,200002
126,13,200002
126,16,200002
126,46,200002
126,60,200002
126,146,200002
126,99,200002
126,29,200002
126,32,200002
126,19,200002
126,40,200002
127,633,200002
127,427,200002
127,4,200002
127,110,200002
127,109,200002
128,306,200002
128,110,200002
128,427,200002
128,109,200002
128,4,200002
129,194,200002
129,46,200002
129,146,200002
129,48,200002
129,76,200002
129,281,200002
129,60,200002
129,35,200002
129,29,200002
129,51,200002
129,19,200002
129,217,200002
129,172,200002
129,108,200002
129,110,200002
129,27,200002
129,10,200002
129,55,200002
129,137,200002
129,32,200002
129,54,200002
129,52,200002
129,83,200002
129,6,200002
129,180,200002
129,13,200002
129,45,200002
129,59,200002
129,4,200002
129,20,200002
129,99,200002
129,176,200002
129,77,200002
129,17,200002
129,64,200002
129,18,200002
129,160,200002
129,284,200002
129,135,200002
129,16,200002
129,40,200002
129,25,200002
129,14,200002
129,154,200002
129,173,200002
129,97,200002
130,137,200002
130,136,200002
131,242,200002
131,12,200002
131,43,200002
131,48,200002
131,61,200002
131,136,200002
131,99,200002
131,83,200002
131,19,200002
131,6,200002
131,97,200002
131,248,200002
131,28,200002
131,108,200002
131,18,200002
131,135,200002
131,54,200002
131,154,200002
131,29,200002
131,32,200002
132,24,200002
132,303,200002
132,31,200002
132,242,200002
132,40,200002
132,165,200002
132,116,200002
132,176,200002
132,25,200002
132,35,200002
132,19,200002
132,23,200002
132,38,200002
132,4,200002
132,22,200002
132,248,200002
132,108,200002
132,28,200002
132,26,200002
132,137,200002
132,97,200002
132,32,200002
132,135,200002
132,18,200002
132,29,200002
132,136,200002
132,154,200002
133,165,200002
133,17,200002
133,72,200002
133,27,200002
133,184,200002
133,100,200002
133,81,200002
133,48,200002
133,77,200002
133,80,200002
133,183,200002
133,248,200002
133,69,200002
133,116,200002
133,16,200002
133,22,200002
133,85,200002
133,25,200002
133,10,200002
133,2,200002
133,96,200002
133,51,200002
133,9,200002
133,154,200002
133,11,200002
133,4,200002
133,107,200002
133,137,200002
133,136,200002
133,1,200002
133,112,200002
133,20,200002
133,21,200002
133,5,200002
134,165,200002
134,69,200002
134,0,200002
134,132,200002
134,77,200002
134,21,200002
134,154,200002
134,25,200002
134,270,200002
134,18,200002
134,155,200002
134,99,200002
134,54,200002
134,52,200002
134,81,200002
134,36,200002
134,60,200002
134,32,200002
134,6,200002
134,29,200002
134,40,200002
134,19,200002
134,146,200002
134,97,200002
135,269,200002
135,81,200002
135,28,200002
135,143,200002
135,2,200002
135,242,200002
135,1,200002
135,92,200002
135,48,200002
135,176,200002
135,139,200002
135,265,200002
135,99,200002
135,17,200002
135,113,200002
135,97,200002
135,4,200002
135,107,200002
135,11,200002
135,20,200002
135,6,200002
135,112,200002
135,5,200002
135,100,200002
135,320,200002
135,21,200002
135,85,200002
135,60,200002
135,26,200002
135,248,200002
135,78,200002
135,165,200002
135,23,200002
135,35,200002
135,89,200002
135,7,200002
135,9,200002
135,170,200002
135,131,200002
135,72,200002
135,10,200002
135,132,200002
135,24,200002
135,77,200002
135,181,200002
135,137,200002
135,96,200002
135,136,200002
135,187,200002
135,54,200002
135,124,200002
135,0,200002
135,129,200002
135,157,200002
135,16,200002
135,80,200002
135,52,200002
135,119,200002
135,155,200002
135,83,200002
135,146,200002
135,94,200002
135,14,200002
135,102,200002
135,64,200002
135,40,200002
135,142,200002
135,27,200002
135,19,200002
135,59,200002
135,108,200002
135,12,200002
135,32,200002
135,18,200002
135,375,200002
135,31,200002
135,154,200002
136,70,200002
136,59,200002
136,40,200002
136,204,200002
136,218,200002
136,131,200002
136,114,200002
136,27,200002
136,120,200002
136,14,200002
136,134,200002
136,32,200002
136,97,200002
136,31,200002
136,67,200002
136,135,200002
136,113,200002
136,29,200002
136,48,200002
136,20,200002
136,83,200002
136,99,200002
136,155,200002
136,19,200002
136,69,200002
136,133,200002
136,177,200002
136,60,200002
136,139,200002
136,375,200002
136,552,200002
136,6,200002
136,5,200002
136,80,200002
136,320,200002
136,13,200002
136,86,200002
136,107,200002
136,108,200002
136,7,200002
136,35,200002
136,18,200002
136,248,200002
136,43,200002
136,17,200002
136,371,200002
136,30,200002
136,269,200002
136,116,200002
136,100,200002
136,330,200002
136,12,200002
136,34,200002
136,157,200002
136,165,200002
136,159,200002
136,183,200002
136,33,200002
136,122,200002
136,147,200002
136,163,200002
136,96,200002
136,265,200002
136,160,200002
136,104,200002
136,54,200002
136,15,200002
136,169,200002
136,52,200002
136,10,200002
136,130,200002
136,153,200002
136,307,200002
136,213,200002
136,51,200002
136,189,200002
136,111,200002
136,28,200002
136,16,200002
136,61,200002
136,125,200002
136,26,200002
136,11,200002
136,81,200002
136,46,200002
136,2,200002
136,4,200002
136,71,200002
136,137,200002
136,53,200002
136,85,200002
136,132,200002
136,154,200002
136,72,200002
136,1,200002
136,23,200002
136,9,200002
136,146,200002
136,0,200002
136,25,200002
136,77,200002
136,22,200002
136,21,200002
136,112,200002
136,303,200002
136,64,200002
137,10,200002
137,18,200002
137,0,200002
137,12,200002
137,51,200002
137,11,200002
137,108,200002
137,99,200002
137,22,200002
137,131,200002
137,97,200002
137,40,200002
137,85,200002
137,142,200002
137,146,200002
137,2,200002
137,6,200002
137,371,200002
137,29,200002
137,261,200002
137,58,200002
137,14,200002
137,157,200002
137,19,200002
137,154,200002
137,53,200002
137,1,200002
137,120,200002
137,81,200002
137,48,200002
137,24,200002
137,38,200002
137,23,200002
137,113,200002
137,46,200002
137,112,200002
137,52,200002
137,107,200002
137,122,200002
137,111,200002
137,180,200002
137,5,200002
137,36,200002
137,13,200002
137,21,200002
137,26,200002
137,355,200002
137,161,200002
137,183,200002
137,43,200002
137,132,200002
137,61,200002
137,20,200002
137,76,200002
137,163,200002
137,25,200002
137,17,200002
137,102,200002
137,15,200002
137,4,200002
137,540,200002
137,248,200002
137,83,200002
137,510,200002
137,188,200002
137,160,200002
137,110,200002
137,156,200002
137,118,200002
137,326,200002
137,344,200002
137,54,200002
137,244,200002
137,671,200002
137,393,200002
137,309,200002
137,34,200002
137,337,200002
137,135,200002
137,59,200002
137,216,200002
137,341,200002
137,335,200002
137,64,200002
137,250,200002
137,133,200002
137,150,200002
137,57,200002
137,92,200002
137,1190,200002
137,143,200002
137,544,200002
137,101,200002
137,483,200002
137,152,200002
137,80,200002
137,130,200002
137,16,200002
137,181,200002
137,339,200002
137,220,200002
137,139,200002
137,116,200002
137,333,200002
137,165,200002
137,72,200002
137,98,200002
137,9,200002
137,307,200002
137,27,200002
137,390,200002
137,336,200002
137,104,200002
137,153,200002
137,89,200002
137,149,200002
137,31,200002
137,93,200002
137,96,200002
137,124,200002
137,136,200002
137,100,200002
137,47,200002
137,115,200002
137,28,200002
137,32,200002
137,71,200002
137,213,200002
137,121,200002
137,77,200002
137,60,200002
137,129,200002
137,35,200002
138,292,200002
138,248,200002
138,18,200002
138,32,200002
139,9,200002
139,60,200002
139,16,200002
139,14,200002
139,28,200002
139,97,200002
139,5,200002
139,22,200002
139,17,200002
139,21,200002
139,142,200002
139,18,200002
139,136,200002
139,52,200002
139,20,200002
139,29,200002
139,83,200002
139,362,200002
139,13,200002
139,104,200002
139,114,200002
139,19,200002
139,24,200002
139,102,200002
139,135,200002
139,26,200002
139,99,200002
139,160,200002
139,81,200002
139,64,200002
139,54,200002
139,25,200002
139,137,200002
139,119,200002
139,40,200002
139,178,200002
139,32,200002
139,146,200002
139,77,200002
139,35,200002
139,154,200002
139,6,200002
139,46,200002
140,31,200002
140,278,200002
140,81,200002
140,97,200002
140,63,200002
140,142,200002
140,32,200002
140,40,200002
140,46,200002
141,278,200002
141,24,200002
141,176,200002
141,29,200002
141,46,200002
141,97,200002
142,13,200002
142,126,200002
142,197,200002
142,160,200002
142,154,200002
142,27,200002
142,12,200002
142,81,200002
142,54,200002
142,36,200002
142,25,200002
142,155,200002
142,32,200002
142,175,200002
142,101,200002
142,153,200002
142,146,200002
142,40,200002
142,180,200002
142,23,200002
142,100,200002
142,18,200002
142,117,200002
142,107,200002
142,224,200002
142,28,200002
142,136,200002
142,139,200002
142,2,200002
142,124,200002
142,31,200002
142,48,200002
142,0,200002
142,35,200002
142,78,200002
142,108,200002
142,320,200002
142,97,200002
142,14,200002
142,64,200002
142,16,200002
142,60,200002
142,59,200002
142,99,200002
142,135,200002
142,6,200002
142,19,200002
142,46,200002
142,26,200002
142,29,200002
143,154,200002
143,18,200002
143,223,200002
143,84,200002
143,176,200002
143,164,200002
143,6,200002
143,72,200002
143,142,200002
143,60,200002
143,163,200002
143,181,200002
143,213,200002
143,55,200002
143,85,200002
143,98,200002
143,65,200002
143,133,200002
143,51,200002
143,23,200002
143,36,200002
143,21,200002
143,208,200002
143,83,200002
143,9,200002
143,13,200002
143,4,200002
143,31,200002
143,108,200002
143,11,200002
143,25,200002
143,27,200002
143,92,200002
143,17,200002
143,0,200002
143,26,200002
143,19,200002
143,160,200002
143,16,200002
143,80,200002
143,97,200002
143,99,200002
143,1,200002
143,137,200002
143,32,200002
143,29,200002
143,40,200002
143,46,200002
143,146,200002
143,14,200002
143,135,200002
144,31,200002
144,26,200002
144,154,200002
144,208,200002
144,265,200002
144,233,200002
144,97,200002
144,18,200002
144,29,200002
145,146,200002
145,29,200002
145,18,200002
146,80,200002
146,58,200002
146,125,200002
146,79,200002
146,6,200002
146,208,200002
146,142,200002
146,26,200002
146,28,200002
146,134,200002
146,144,200002
146,112,200002
146,145,200002
146,320,200002
146,106,200002
146,196,200002
146,177,200002
146,137,200002
146,64,200002
146,107,200002
146,27,200002
146,188,200002
146,18,200002
146,110,200002
146,98,200002
146,160,200002
146,16,200002
146,157,200002
146,85,200002
146,9,200002
146,25,200002
146,32,200002
146,154,200002
146,29,200002
146,124,200002
146,77,200002
146,31,200002
146,94,200002
146,126,200002
146,135,200002
146,96,200002
146,100,200002
146,76,200002
146,65,200002
146,2,200002
146,38,200002
146,102,200002
146,120,200002
146,22,200002
146,54,200002
146,66,200002
146,59,200002
146,83,200002
146,36,200002
146,4,200002
146,51,200002
146,40,200002
146,180,200002
146,10,200002
146,139,200002
146,181,200002
146,81,200002
146,143,200002
146,48,200002
146,20,200002
146,14,200002
146,0,200002
146,99,200002
146,52,200002
146,136,200002
146,19,200002
146,1,200002
146,35,200002
146,13,200002
146,108,200002
146,17,200002
146,60,200002
146,11,200002
146,97,200002
147,136,200002
149,154,200002
149,17,200002
149,0,200002
149,47,200002
149,2,200002
149,25,200002
149,1,200002
149,165,200002
149,85,200002
149,10,200002
149,96,200002
149,92,200002
149,137,200002
149,274,200002
150,18,200002
150,69,200002
150,248,200002
150,183,200002
150,137,200002
150,4,200002
150,17,200002
151,205,200002
151,75,200002
151,32,200002
152,286,200002
152,158,200002
152,96,200002
152,120,200002
152,142,200002
152,101,200002
152,156,200002
152,2,200002
152,98,200002
152,25,200002
152,137,200002
152,97,200002
153,64,200002
153,27,200002
153,18,200002
153,97,200002
153,17,200002
153,6,200002
153,154,200002
153,136,200002
153,29,200002
153,25,200002
153,137,200002
154,146,200002
154,77,200002
154,28,200002
154,20,200002
154,100,200002
154,181,200002
154,40,200002
154,16,200002
154,6,200002
154,234,200002
154,208,200002
154,182,200002
154,53,200002
154,156,200002
154,25,200002
154,18,200002
154,26,200002
154,108,200002
154,79,200002
154,76,200002
154,51,200002
154,195,200002
154,57,200002
154,274,200002
154,320,200002
154,60,200002
154,101,200002
154,183,200002
154,58,200002
154,17,200002
154,145,200002
154,150,200002
154,69,200002
154,180,200002
154,170,200002
154,126,200002
154,161,200002
154,21,200002
154,23,200002
154,83,200002
154,45,200002
154,133,200002
154,4,200002
154,112,200002
154,102,200002
154,134,200002
154,176,200002
154,85,200002
154,1482,200002
154,275,200002
154,522,200002
154,107,200002
154,394,200002
154,5,200002
154,174,200002
154,251,200002
154,0,200002
154,65,200002
154,11,200002
154,160,200002
154,379,200002
154,296,200002
154,155,200002
154,2,200002
154,62,200002
154,110,200002
154,388,200002
154,271,200002
154,96,200002
154,80,200002
154,314,200002
154,104,200002
154,66,200002
154,48,200002
154,64,200002
154,131,200002
154,120,200002
154,198,200002
154,193,200002
154,267,200002
154,163,200002
154,81,200002
154,153,200002
154,188,200002
154,165,200002
154,9,200002
154,10,200002
154,12,200002
154,72,200002
154,94,200002
154,544,200002
154,269,200002
154,36,200002
154,143,200002
154,159,200002
154,129,200002
154,46,200002
154,38,200002
154,1,200002
154,61,200002
154,124,200002
154,113,200002
154,14,200002
154,89,200002
154,125,200002
154,24,200002
154,34,200002
154,29,200002
154,136,200002
154,32,200002
154,59,200002
154,52,200002
154,31,200002
154,54,200002
154,19,200002
154,92,200002
154,27,200002
154,15,200002
154,137,200002
154,13,200002
154,35,200002
154,132,200002
154,139,200002
154,97,200002
154,99,200002
154,135,200002
155,13,200002
155,17,200002
155,137,200002
155,10,200002
155,11,200002
155,143,200002
155,12,200002
155,2,200002
155,108,200002
155,46,200002
155,81,200002
155,35,200002
155,136,200002
155,92,200002
155,25,200002
155,60,200002
155,77,200002
155,0,200002
155,28,200002
155,80,200002
155,85,200002
155,100,200002
155,1,200002
155,36,200002
155,83,200002
155,48,200002
155,16,200002
155,27,200002
155,97,200002
155,99,200002
155,6,200002
155,31,200002
155,135,200002
155,40,200002
155,32,200002
155,14,200002
155,19,200002
155,29,200002
156,14,200002
156,152,200002
156,2,200002
156,32,200002
156,22,200002
156,40,200002
156,27,200002
156,28,200002
156,98,200002
156,38,200002
156,154,200002
156,0,200002
156,100,200002
156,6,200002
156,137,200002
156,25,200002
156,46,200002
156,97,200002
157,116,200002
157,216,200002
157,34,200002
157,107,200002
157,165,200002
157,9,200002
157,188,200002
157,5,200002
157,101,200002
157,18,200002
157,124,200002
157,16,200002
157,102,200002
157,274,200002
157,31,200002
157,10,200002
157,17,200002
157,1,200002
157,80,200002
157,146,200002
157,97,200002
157,136,200002
157,60,200002
157,160,200002
157,25,200002
157,14,200002
157,135,200002
157,137,200002
157,92,200002
158,99,200002
158,26,200002
158,29,200002
158,97,200002
159,24,200002
159,163,200002
159,269,200002
159,32,200002
159,18,200002
159,29,200002
159,136,200002
159,154,200002
160,146,200002
160,40,200002
160,139,200002
160,154,200002
160,19,200002
160,126,200002
160,52,200002
160,25,200002
160,142,200002
160,18,200002
160,237,200002
160,53,200002
160,117,200002
160,122,200002
160,62,200002
160,82,200002
160,38,200002
160,99,200002
160,45,200002
160,188,200002
160,79,200002
160,83,200002
160,46,200002
160,14,200002
160,96,200002
160,23,200002
160,64,200002
160,181,200002
160,26,200002
160,124,200002
160,303,200002
160,110,200002
160,137,200002
160,6,200002
160,16,200002
160,29,200002
160,129,200002
160,101,200002
160,157,200002
160,143,200002
160,12,200002
160,136,200002
160,34,200002
160,58,200002
160,1,200002
160,544,200002
160,13,200002
160,10,200002
160,98,200002
160,85,200002
160,100,200002
160,80,200002
160,9,200002
160,20,200002
160,31,200002
160,27,200002
160,341,200002
160,4,200002
160,355,200002
160,77,200002
160,97,200002
160,54,200002
160,2,200002
160,0,200002
160,17,200002
160,35,200002
160,108,200002
160,60,200002
160,32,200002
161,36,200002
161,121,200002
161,120,200002
161,99,200002
161,112,200002
161,64,200002
161,139,200002
161,60,200002
161,165,200002
161,48,200002
161,1,200002
161,25,200002
161,85,200002
161,154,200002
161,137,200002
163,443,200002
163,159,200002
163,53,200002
163,120,200002
163,46,200002
163,100,200002
163,25,200002
163,97,200002
163,60,200002
163,154,200002
163,136,200002
163,18,200002
163,29,200002
164,143,200002
164,223,200002
164,46,200002
164,84,200002
164,97,200002
164,51,200002
164,248,200002
164,18,200002
164,4,200002
164,11,200002
165,96,200002
165,97,200002
165,14,200002
165,137,200002
165,197,200002
165,339,200002
165,0,200002
165,51,200002
165,155,200002
165,121,200002
165,40,200002
165,76,200002
165,11,200002
165,34,200002
165,108,200002
165,247,200002
165,160,200002
165,100,200002
165,5,200002
165,29,200002
165,32,200002
165,12,200002
165,102,200002
165,22,200002
165,31,200002
165,21,200002
165,38,200002
165,83,200002
165,85,200002
165,13,200002
165,23,200002
165,58,200002
165,248,200002
165,183,200002
165,133,200002
165,72,200002
165,154,200002
165,9,200002
165,20,200002
165,157,200002
165,112,200002
165,10,200002
165,149,200002
165,25,200002
165,136,200002
165,115,200002
165,28,200002
165,17,200002
165,92,200002
165,1,200002
165,2,200002
165,274,200002
167,98,200002
167,97,200002
169,26,200002
169,17,200002
169,11,200002
169,136,200002
169,29,200002
170,197,200002
170,29,200002
170,100,200002
170,66,200002
170,137,200002
170,6,200002
170,135,200002
170,16,200002
170,18,200002
170,32,200002
171,170,200002
171,146,200002
171,29,200002
171,208,200002
171,154,200002
171,16,200002
171,18,200002
171,32,200002
172,129,200002
172,173,200002
172,51,200002
172,80,200002
172,35,200002
172,60,200002
172,29,200002
172,64,200002
172,13,200002
172,6,200002
172,19,200002
172,59,200002
172,97,200002
173,172,200002
173,97,200002
173,19,200002
173,35,200002
173,129,200002
174,265,200002
174,145,200002
174,146,200002
174,154,200002
174,18,200002
175,31,200002
175,180,200002
175,6,200002
175,16,200002
175,32,200002
175,40,200002
175,97,200002
175,29,200002
176,6,200002
176,75,200002
176,137,200002
176,97,200002
176,242,200002
176,29,200002
176,160,200002
176,12,200002
176,18,200002
176,66,200002
176,72,200002
176,79,200002
176,54,200002
176,25,200002
176,0,200002
176,4,200002
176,15,200002
176,282,200002
176,39,200002
176,1,200002
176,24,200002
176,64,200002
176,108,200002
176,154,200002
176,60,200002
176,32,200002
176,16,200002
176,46,200002
176,40,200002
177,300,200002
177,69,200002
177,85,200002
177,49,200002
177,18,200002
177,2,200002
177,27,200002
177,51,200002
177,4,200002
177,11,200002
178,16,200002
178,320,200002
178,36,200002
178,139,200002
178,108,200002
178,48,200002
178,60,200002
180,52,200002
180,35,200002
180,160,200002
180,143,200002
180,17,200002
180,16,200002
180,0,200002
180,51,200002
180,177,200002
180,38,200002
180,2,200002
180,63,200002
180,25,200002
180,137,200002
180,154,200002
180,102,200002
180,126,200002
180,24,200002
180,11,200002
180,20,200002
180,31,200002
180,10,200002
180,100,200002
180,139,200002
180,18,200002
180,13,200002
180,36,200002
180,59,200002
180,60,200002
180,6,200002
180,46,200002
180,99,200002
180,29,200002
180,32,200002
180,146,200002
180,40,200002
180,19,200002
180,97,200002
181,24,200002
181,197,200002
181,27,200002
181,61,200002
181,40,200002
181,77,200002
181,120,200002
181,176,200002
181,102,200002
181,83,200002
181,99,200002
181,117,200002
181,58,200002
181,13,200002
181,53,200002
181,51,200002
181,26,200002
181,19,200002
181,46,200002
181,160,200002
181,86,200002
181,97,200002
181,18,200002
181,32,200002
181,60,200002
181,108,200002
181,154,200002
181,135,200002
181,16,200002
181,137,200002
181,29,200002
181,146,200002
182,77,200002
182,46,200002
182,81,200002
182,16,200002
182,19,200002
182,40,200002
183,15,200002
183,143,200002
183,133,200002
183,72,200002
183,77,200002
183,6,200002
183,97,200002
183,189,200002
183,0,200002
183,19,200002
183,21,200002
183,150,200002
183,154,200002
183,227,200002
183,248,200002
183,23,200002
183,28,200002
183,268,200002
183,1,200002
183,17,200002
183,228,200002
183,136,200002
183,317,200002
183,105,200002
183,5,200002
183,29,200002
183,112,200002
183,69,200002
183,107,200002
183,11,200002
183,18,200002
183,10,200002
183,4,200002
183,51,200002
183,20,200002
184,69,200002
184,189,200002
184,22,200002
184,248,200002
184,28,200002
184,213,200002
184,10,200002
184,4,200002
184,20,200002
184,51,200002
184,17,200002
185,110,200002
185,190,200002
185,474,200002
185,186,200002
186,110,200002
186,290,200002
186,185,200002
187,13,200002
187,4,200002
187,19,200002
187,77,200002
187,97,200002
187,26,200002
187,14,200002
187,135,200002
187,6,200002
187,60,200002
188,18,200002
188,671,200002
188,29,200002
188,54,200002
188,24,200002
188,157,200002
188,393,200002
188,46,200002
188,5,200002
188,4,200002
188,216,200002
188,146,200002
188,137,200002
188,154,200002
188,25,200002
188,97,200002
189,33,200002
189,4,200002
189,28,200002
189,21,200002
189,17,200002
189,136,200002
189,20,200002
190,191,200002
190,110,200002
191,190,200002
191,110,200002
193,32,200002
193,154,200002
193,29,200002
194,52,200002
194,76,200002
194,77,200002
194,29,200002
194,217,200002
194,1045,200002
194,6,200002
195,24,200002
195,6,200002
195,9,200002
195,97,200002
195,31,200002
195,36,200002
195,25,200002
195,100,200002
195,29,200002
195,83,200002
196,448,200002
196,469,200002
196,424,200002
196,447,200002
196,367,200002
196,225,200002
196,378,200002
196,412,200002
196,472,200002
196,365,200002
196,366,200002
196,5,200002
196,364,200002
196,377,200002
196,20,200002
196,0,200002
196,425,200002
196,1,200002
196,137,200002
196,11,200002
196,4,200002
196,110,200002
197,171,200002
197,24,200002
197,54,200002
197,16,200002
197,81,200002
197,76,200002
197,13,200002
197,35,200002
197,18,200002
197,32,200002
197,97,200002
198,250,200002
198,32,200002
198,154,200002
198,29,200002
198,97,200002
200,110,200002
201,110,200002
203,87,200002
203,89,200002
204,96,200002
205,151,200002
205,32,200002
206,332,200002
206,338,200002
206,32,200002
206,40,200002
208,77,200002
208,25,200002
208,54,200002
208,233,200002
208,9,200002
208,18,200002
208,74,200002
208,242,200002
208,137,200002
208,81,200002
208,144,200002
208,46,200002
208,32,200002
208,16,200002
208,40,200002
208,29,200002
211,28,200002
211,17,200002
212,89,200002
213,64,200002
213,2,200002
213,99,200002
213,19,200002
213,10,200002
213,131,200002
213,97,200002
213,184,200002
213,110,200002
213,31,200002
213,21,200002
213,5,200002
213,26,200002
213,29,200002
213,112,200002
213,25,200002
213,136,200002
213,51,200002
213,20,200002
213,17,200002
213,18,200002
213,137,200002
213,4,200002
214,4,200002
214,51,200002
215,222,200002
215,4,200002
215,51,200002
216,52,200002
216,188,200002
216,4,200002
216,80,200002
216,156,200002
216,25,200002
216,137,200002
216,97,200002
217,194,200002
217,129,200002
220,248,200002
220,137,200002
222,248,200002
222,51,200002
222,107,200002
222,4,200002
223,52,200002
223,135,200002
223,164,200002
223,27,200002
223,84,200002
223,248,200002
223,51,200002
223,18,200002
223,4,200002
223,11,200002
224,140,200002
224,83,200002
224,29,200002
224,46,200002
224,97,200002
225,110,200002
225,378,200002
225,470,200002
225,475,200002
225,377,200002
225,196,200002
225,471,200002
225,472,200002
226,110,200002
226,465,200002
226,229,200002
227,11,200002
227,183,200002
227,4,200002
228,317,200002
228,183,200002
229,110,200002
229,196,200002
230,110,200002
231,110,200002
231,230,200002
232,110,200002
232,230,200002
232,186,200002
232,465,200002
232,231,200002
233,180,200002
233,52,200002
233,65,200002
233,145,200002
233,51,200002
233,24,200002
233,144,200002
233,208,200002
233,16,200002
233,113,200002
233,29,200002
233,32,200002
233,18,200002
234,170,200002
234,97,200002
234,154,200002
234,248,200002
234,18,200002
235,110,200002
237,45,200002
237,78,200002
237,52,200002
237,32,200002
237,224,200002
237,46,200002
237,97,200002
238,86,200002
238,248,200002
238,4,200002
242,79,200002
242,146,200002
242,120,200002
242,77,200002
242,233,200002
242,154,200002
242,137,200002
242,92,200002
242,97,200002
242,18,200002
242,16,200002
242,32,200002
242,29,200002
243,4,200002
243,90,200002
243,8,200002
243,7,200002
243,20,200002
243,17,200002
243,89,200002
244,344,200002
244,137,200002
244,248,200002
245,328,200002
247,51,200002
248,31,200002
248,184,200002
248,150,200002
248,112,200002
248,25,200002
248,33,200002
248,27,200002
248,132,200002
248,16,200002
248,69,200002
248,671,200002
248,29,200002
248,75,200002
248,18,200002
248,138,200002
248,863,200002
248,66,200002
248,104,200002
248,15,200002
248,165,200002
248,131,200002
248,137,200002
248,96,200002
248,534,200002
248,384,200002
248,339,200002
248,223,200002
248,123,200002
248,220,200002
248,92,200002
248,222,200002
248,267,200002
248,50,200002
248,269,200002
248,333,200002
248,443,200002
248,135,200002
248,12,200002
248,317,200002
248,44,200002
248,234,200002
248,238,200002
248,843,200002
248,70,200002
248,77,200002
248,74,200002
248,183,200002
248,164,200002
248,9,200002
248,85,200002
248,244,200002
248,47,200002
248,54,200002
248,116,200002
248,2,200002
248,51,200002
248,4,200002
248,34,200002
248,72,200002
248,136,200002
249,97,200002
250,216,200002
250,59,200002
250,32,200002
250,137,200002
250,97,200002
251,154,200002
261,52,200002
261,6,200002
261,20,200002
261,17,200002
262,62,200002
262,421,200002
262,32,200002
265,15,200002
265,153,200002
265,24,200002
265,46,200002
265,29,200002
265,154,200002
265,18,200002
265,136,200002
266,134,200002
266,384,200002
266,294,200002
267,269,200002
267,248,200002
267,29,200002
267,154,200002
268,183,200002
268,4,200002
269,10,200002
269,11,200002
269,193,200002
269,51,200002
269,20,200002
269,267,200002
269,159,200002
269,248,200002
269,12,200002
269,18,200002
269,136,200002
269,32,200002
269,29,200002
269,154,200002
269,97,200002
270,132,200002
270,197,200002
270,429,200002
270,160,200002
270,18,200002
270,29,200002
270,32,200002
271,298,200002
271,154,200002
271,18,200002
274,336,200002
274,77,200002
274,154,200002
274,57,200002
274,146,200002
274,1,200002
274,157,200002
274,85,200002
274,47,200002
274,93,200002
274,25,200002
274,165,200002
274,149,200002
274,116,200002
274,9,200002
274,0,200002
274,124,200002
274,72,200002
274,115,200002
274,96,200002
274,2,200002
274,92,200002
275,154,200002
276,422,200002
276,443,200002
276,18,200002
276,32,200002
278,181,200002
278,141,200002
278,101,200002
278,79,200002
278,140,200002
278,6,200002
278,40,200002
278,83,200002
278,97,200002
278,46,200002
281,85,200002
281,2,200002
282,187,200002
282,137,200002
282,165,200002
282,197,200002
282,181,200002
282,384,200002
282,281,200002
282,65,200002
282,339,200002
282,27,200002
282,54,200002
282,379,200002
282,83,200002
282,154,200002
282,205,200002
284,129,200002
286,25,200002
290,186,200002
290,110,200002
292,138,200002
292,32,200002
292,18,200002
292,29,200002
294,384,200002
294,266,200002
296,154,200002
298,432,200002
298,18,200002
300,51,200002
300,4,200002
301,317,200002
301,761,200002
301,51,200002
301,4,200002
303,197,200002
303,233,200002
303,145,200002
303,160,200002
303,17,200002
303,18,200002
303,136,200002
305,633,200002
305,4,200002
305,109,200002
305,110,200002
306,128,200002
306,110,200002
306,427,200002
306,4,200002
306,109,200002
307,6,200002
307,60,200002
307,136,200002
307,97,200002
307,137,200002
309,544,200002
309,248,200002
309,137,200002
311,3,200002
311,51,200002
311,4,200002
314,154,200002
317,866,200002
317,761,200002
317,228,200002
317,105,200002
317,51,200002
317,248,200002
317,183,200002
317,4,200002
320,31,200002
320,137,200002
320,94,200002
320,139,200002
320,195,200002
320,64,200002
320,146,200002
320,6,200002
320,40,200002
320,135,200002
320,17,200002
320,136,200002
320,14,200002
320,142,200002
320,26,200002
320,19,200002
320,18,200002
320,16,200002
320,83,200002
320,27,200002
320,97,200002
320,178,200002
320,32,200002
320,46,200002
323,7,200002
323,770,200002
323,89,200002
325,18,200002
326,137,200002
326,25,200002
327,286,200002
327,25,200002
328,1,200002
330,136,200002
332,75,200002
332,206,200002
332,32,200002
332,40,200002
333,337,200002
333,248,200002
333,25,200002
333,137,200002
334,97,200002
335,137,200002
335,25,200002
336,25,200002
336,137,200002
337,333,200002
337,25,200002
337,137,200002
338,206,200002
338,154,200002
338,40,200002
339,85,200002
339,24,200002
339,385,200002
339,161,200002
339,248,200002
339,25,200002
339,137,200002
340,25,200002
341,97,200002
341,12,200002
341,60,200002
341,137,200002
341,92,200002
341,48,200002
341,108,200002
341,25,200002
341,160,200002
342,237,200002
342,80,200002
342,54,200002
342,99,200002
342,97,200002
342,46,200002
344,244,200002
344,137,200002
346,18,200002
347,35,200002
351,110,200002
351,225,200002
351,229,200002
351,352,200002
351,226,200002
352,110,200002
352,196,200002
352,225,200002
352,351,200002
355,9,200002
355,83,200002
355,54,200002
355,13,200002
355,97,200002
355,160,200002
362,65,200002
362,140,200002
362,151,200002
362,108,200002
362,16,200002
362,32,200002
362,40,200002
364,196,200002
364,366,200002
364,365,200002
365,366,200002
365,400,200002
365,196,200002
366,196,200002
366,364,200002
366,367,200002
367,196,200002
371,307,200002
371,40,200002
371,6,200002
371,136,200002
371,25,200002
375,54,200002
375,77,200002
375,135,200002
377,196,200002
377,225,200002
377,681,200002
377,472,200002
377,378,200002
377,412,200002
378,424,200002
378,196,200002
378,412,200002
378,377,200002
378,225,200002
379,154,200002
384,248,200002
384,294,200002
384,266,200002
388,154,200002
390,25,200002
390,137,200002
393,282,200002
393,510,200002
393,137,200002
393,97,200002
393,25,200002
394,77,200002
394,154,200002
396,89,200002
398,452,200002
398,97,200002
400,366,200002
404,77,200002
407,415,200002
407,416,200002
407,18,200002
408,423,200002
408,18,200002
410,233,200002
410,411,200002
410,413,200002
410,18,200002
411,413,200002
411,423,200002
411,18,200002
412,489,200002
412,448,200002
412,196,200002
412,225,200002
412,378,200002
412,377,200002
413,426,200002
413,411,200002
413,145,200002
413,18,200002
415,407,200002
415,111,200002
415,61,200002
415,18,200002
416,407,200002
416,18,200002
419,97,200002
420,421,200002
420,32,200002
421,32,200002
422,443,200002
422,276,200002
422,18,200002
422,32,200002
423,426,200002
423,408,200002
423,18,200002
424,478,200002
424,366,200002
424,378,200002
424,477,200002
424,469,200002
424,476,200002
424,196,200002
424,506,200002
424,425,200002
424,110,200002
425,424,200002
425,110,200002
426,410,200002
426,436,200002
426,18,200002
427,306,200002
427,128,200002
427,127,200002
427,110,200002
427,109,200002
427,4,200002
429,270,200002
429,440,200002
429,18,200002
429,32,200002
430,429,200002
430,43,200002
430,440,200002
430,32,200002
430,18,200002
431,136,200002
432,298,200002
432,18,200002
435,97,200002
436,426,200002
436,18,200002
440,43,200002
440,443,200002
440,430,200002
440,429,200002
440,18,200002
440,32,200002
443,248,200002
443,18,200002
447,448,200002
448,196,200002
452,97,200002
455,97,200002
458,97,200002
465,110,200002
465,229,200002
469,476,200002
469,196,200002
469,477,200002
469,424,200002
470,225,200002
470,475,200002
470,471,200002
470,472,200002
471,196,200002
471,225,200002
471,412,200002
471,470,200002
471,475,200002
471,472,200002
472,225,200002
472,378,200002
472,470,200002
472,196,200002
472,412,200002
474,110,200002
475,196,200002
475,225,200002
475,378,200002
475,471,200002
476,469,200002
476,477,200002
476,424,200002
477,196,200002
477,476,200002
477,424,200002
477,469,200002
478,196,200002
483,137,200002
489,196,200002
506,424,200002
510,393,200002
510,137,200002
510,97,200002
522,154,200002
525,4,200002
525,110,200002
534,248,200002
540,118,200002
540,137,200002
540,97,200002
542,1402,200002
544,101,200002
544,73,200002
544,181,200002
544,137,200002
544,160,200002
544,154,200002
544,29,200002
544,97,200002
545,546,200002
545,32,200002
546,545,200002
546,32,200002
633,305,200002
633,4,200002
633,110,200002
633,109,200002
652,59,200002
671,248,200002
671,137,200002
681,196,200002
728,248,200002
741,4,200002
741,51,200002
761,866,200002
761,4,200002
761,51,200002
768,35,200002
769,35,200002
770,323,200002
770,89,200002
797,97,200002
843,51,200002
843,248,200002
843,4,200002
860,0,200002
860,160,200002
860,100,200002
860,97,200002
866,761,200002
866,4,200002
866,51,200002
906,17,200002
1008,32,200002
1045,194,200002
1052,455,200002
1052,97,200002
1190,137,200002
1402,542,200002
1482,154,200002
