t,year,month,quarter,start_date,end_date,n_nodes,n_edges_directed
199001,1990,1,1,1990-01-01,1990-01-31,2278,8432
199002,1990,2,1,1990-02-01,1990-02-28,2278,8236
199003,1990,3,1,1990-03-01,1990-03-31,2278,8181
199004,1990,4,2,1990-04-01,1990-04-30,2278,7829
199005,1990,5,2,1990-05-01,1990-05-31,2278,7993
199006,1990,6,2,1990-06-01,1990-06-30,2278,8276
199007,1990,7,3,1990-07-01,1990-07-31,2278,7941
199008,1990,8,3,1990-08-01,1990-08-31,2278,7851
199009,1990,9,3,1990-09-01,1990-09-30,2278,8733
199010,1990,10,4,1990-10-01,1990-10-31,2278,8037
199011,1990,11,4,1990-11-01,1990-11-30,2278,7707
199012,1990,12,4,1990-12-01,1990-12-31,2278,8693
199101,1991,1,1,1991-01-01,1991-01-31,2278,8718
199102,1991,2,1,1991-02-01,1991-02-28,2278,8052
199103,1991,3,1,1991-03-01,1991-03-31,2278,7882
199104,1991,4,2,1991-04-01,1991-04-30,2278,8150
199105,1991,5,2,1991-05-01,1991-05-31,2278,7830
199106,1991,6,2,1991-06-01,1991-06-30,2278,8000
199107,1991,7,3,1991-07-01,1991-07-31,2278,7714
199108,1991,8,3,1991-08-01,1991-08-31,2278,7725
199109,1991,9,3,1991-09-01,1991-09-30,2278,8262
199110,1991,10,4,1991-10-01,1991-10-31,2278,8013
199111,1991,11,4,1991-11-01,1991-11-30,2278,7731
199112,1991,12,4,1991-12-01,1991-12-31,2278,8407
199201,1992,1,1,1992-01-01,1992-01-31,2278,8429
199202,1992,2,1,1992-02-01,1992-02-29,2278,7737
199203,1992,3,1,1992-03-01,1992-03-31,2278,7753
199204,1992,4,2,1992-04-01,1992-04-30,2278,7784
199205,1992,5,2,1992-05-01,1992-05-31,2278,7404
199206,1992,6,2,1992-06-01,1992-06-30,2278,7980
199207,1992,7,3,1992-07-01,1992-07-31,2278,7646
199208,1992,8,3,1992-08-01,1992-08-31,2278,7557
199209,1992,9,3,1992-09-01,1992-09-30,2278,8518
199210,1992,10,4,1992-10-01,1992-10-31,2278,7612
199211,1992,11,4,1992-11-01,1992-11-30,2278,7291
199212,1992,12,4,1992-12-01,1992-12-31,2278,8320
199301,1993,1,1,1993-01-01,1993-01-31,2278,8023
199302,1993,2,1,1993-02-01,1993-02-28,2278,7617
199303,1993,3,1,1993-03-01,1993-03-31,2278,7815
199304,1993,4,2,1993-04-01,1993-04-30,2278,8199
199305,1993,5,2,1993-05-01,1993-05-31,2278,7508
199306,1993,6,2,1993-06-01,1993-06-30,2278,8166
199307,1993,7,3,1993-07-01,1993-07-31,2278,7405
199308,1993,8,3,1993-08-01,1993-08-31,2278,7397
199309,1993,9,3,1993-09-01,1993-09-30,2278,8598
199310,1993,10,4,1993-10-01,1993-10-31,2278,7519
199311,1993,11,4,1993-11-01,1993-11-30,2278,7603
199312,1993,12,4,1993-12-01,1993-12-31,2278,8407
199401,1994,1,1,1994-01-01,1994-01-31,2278,8112
199402,1994,2,1,1994-02-01,1994-02-28,2278,7818
199403,1994,3,1,1994-03-01,1994-03-31,2278,7786
199404,1994,4,2,1994-04-01,1994-04-30,2278,7750
199405,1994,5,2,1994-05-01,1994-05-31,2278,7206
199406,1994,6,2,1994-06-01,1994-06-30,2278,7409
199407,1994,7,3,1994-07-01,1994-07-31,2278,7147
199408,1994,8,3,1994-08-01,1994-08-31,2278,6872
199409,1994,9,3,1994-09-01,1994-09-30,2278,7658
199410,1994,10,4,1994-10-01,1994-10-31,2278,7100
199411,1994,11,4,1994-11-01,1994-11-30,2278,7007
199412,1994,12,4,1994-12-01,1994-12-31,2278,7637
199501,1995,1,1,1995-01-01,1995-01-31,2278,7499
199502,1995,2,1,1995-02-01,1995-02-28,2278,7529
199503,1995,3,1,1995-03-01,1995-03-31,2278,7007
199504,1995,4,2,1995-04-01,1995-04-30,2278,7072
199505,1995,5,2,1995-05-01,1995-05-31,2278,6722
199506,1995,6,2,1995-06-01,1995-06-30,2278,7284
199507,1995,7,3,1995-07-01,1995-07-31,2278,7023
199508,1995,8,3,1995-08-01,1995-08-31,2278,6994
199509,1995,9,3,1995-09-01,1995-09-30,2278,7471
199510,1995,10,4,1995-10-01,1995-10-31,2278,7366
199511,1995,11,4,1995-11-01,1995-11-30,2278,6981
199512,1995,12,4,1995-12-01,1995-12-31,2278,7554
199601,1996,1,1,1996-01-01,1996-01-31,2278,7534
199602,1996,2,1,1996-02-01,1996-02-29,2278,7467
199603,1996,3,1,1996-03-01,1996-03-31,2278,7044
199604,1996,4,2,1996-04-01,1996-04-30,2278,7438
199605,1996,5,2,1996-05-01,1996-05-31,2278,6924
199606,1996,6,2,1996-06-01,1996-06-30,2278,7640
199607,1996,7,3,1996-07-01,1996-07-31,2278,7040
199608,1996,8,3,1996-08-01,1996-08-31,2278,7019
199609,1996,9,3,1996-09-01,1996-09-30,2278,7597
199610,1996,10,4,1996-10-01,1996-10-31,2278,7214
199611,1996,11,4,1996-11-01,1996-11-30,2278,6883
199612,1996,12,4,1996-12-01,1996-12-31,2278,7409
199701,1997,1,1,1997-01-01,1997-01-31,2278,7517
199702,1997,2,1,1997-02-01,1997-02-28,2278,7114
199703,1997,3,1,1997-03-01,1997-03-31,2278,6919
199704,1997,4,2,1997-04-01,1997-04-30,2278,7357
199705,1997,5,2,1997-05-01,1997-05-31,2278,6813
199706,1997,6,2,1997-06-01,1997-06-30,2278,7379
199707,1997,7,3,1997-07-01,1997-07-31,2278,6807
199708,1997,8,3,1997-08-01,1997-08-31,2278,6667
199709,1997,9,3,1997-09-01,1997-09-30,2278,7288
199710,1997,10,4,1997-10-01,1997-10-31,2278,6915
199711,1997,11,4,1997-11-01,1997-11-30,2278,6662
199712,1997,12,4,1997-12-01,1997-12-31,2278,7458
199801,1998,1,1,1998-01-01,1998-01-31,2278,7281
199802,1998,2,1,1998-02-01,1998-02-28,2278,6878
199803,1998,3,1,1998-03-01,1998-03-31,2278,6680
199804,1998,4,2,1998-04-01,1998-04-30,2278,7294
199805,1998,5,2,1998-05-01,1998-05-31,2278,6801
199806,1998,6,2,1998-06-01,1998-06-30,2278,7112
199807,1998,7,3,1998-07-01,1998-07-31,2278,6940
199808,1998,8,3,1998-08-01,1998-08-31,2278,6820
199809,1998,9,3,1998-09-01,1998-09-30,2278,7117
199810,1998,10,4,1998-10-01,1998-10-31,2278,7147
199811,1998,11,4,1998-11-01,1998-11-30,2278,6731
199812,1998,12,4,1998-12-01,1998-12-31,2278,7329
199901,1999,1,1,1999-01-01,1999-01-31,2278,7470
199902,1999,2,1,1999-02-01,1999-02-28,2278,7010
199903,1999,3,1,1999-03-01,1999-03-31,2278,6865
199904,1999,4,2,1999-04-01,1999-04-30,2278,7289
199905,1999,5,2,1999-05-01,1999-05-31,2278,7089
199906,1999,6,2,1999-06-01,1999-06-30,2278,7377
199907,1999,7,3,1999-07-01,1999-07-31,2278,7217
199908,1999,8,3,1999-08-01,1999-08-31,2278,6890
199909,1999,9,3,1999-09-01,1999-09-30,2278,7369
199910,1999,10,4,1999-10-01,1999-10-31,2278,6972
199911,1999,11,4,1999-11-01,1999-11-30,2278,6824
199912,1999,12,4,1999-12-01,1999-12-31,2278,7353
200001,2000,1,1,2000-01-01,2000-01-31,2278,7392
200002,2000,2,1,2000-02-01,2000-02-29,2278,7257
200003,2000,3,1,2000-03-01,2000-03-31,2278,7256
200004,2000,4,2,2000-04-01,2000-04-30,2278,7350
200005,2000,5,2,2000-05-01,2000-05-31,2278,7419
200006,2000,6,2,2000-06-01,2000-06-30,2278,7672
200007,2000,7,3,2000-07-01,2000-07-31,2278,7354
200008,2000,8,3,2000-08-01,2000-08-31,2278,7205
200009,2000,9,3,2000-09-01,2000-09-30,2278,7634
200010,2000,10,4,2000-10-01,2000-10-31,2278,7616
200011,2000,11,4,2000-11-01,2000-11-30,2278,7263
200012,2000,12,4,2000-12-01,2000-12-31,2278,7802
200101,2001,1,1,2001-01-01,2001-01-31,2278,8058
200102,2001,2,1,2001-02-01,2001-02-28,2278,7810
200103,2001,3,1,2001-03-01,2001-03-31,2278,7416
200104,2001,4,2,2001-04-01,2001-04-30,2278,7296
200105,2001,5,2,2001-05-01,2001-05-31,2278,7225
200106,2001,6,2,2001-06-01,2001-06-30,2278,7627
200107,2001,7,3,2001-07-01,2001-07-31,2278,7462
200108,2001,8,3,2001-08-01,2001-08-31,2278,7589
200109,2001,9,3,2001-09-01,2001-09-30,2278,7932
200110,2001,10,4,2001-10-01,2001-10-31,2278,6860
200111,2001,11,4,2001-11-01,2001-11-30,2278,6778
200112,2001,12,4,2001-12-01,2001-12-31,2278,7321
200201,2002,1,1,2002-01-01,2002-01-31,2278,8344
200202,2002,2,1,2002-02-01,2002-02-28,2278,8249
200203,2002,3,1,2002-03-01,2002-03-31,2278,8335
200204,2002,4,2,2002-04-01,2002-04-30,2278,8503
200205,2002,5,2,2002-05-01,2002-05-31,2278,8131
200206,2002,6,2,2002-06-01,2002-06-30,2278,9021
200207,2002,7,3,2002-07-01,2002-07-31,2278,8728
200208,2002,8,3,2002-08-01,2002-08-31,2278,8666
200209,2002,9,3,2002-09-01,2002-09-30,2278,9027
200210,2002,10,4,2002-10-01,2002-10-31,2278,11783
200211,2002,11,4,2002-11-01,2002-11-30,2278,11440
200212,2002,12,4,2002-12-01,2002-12-31,2278,11917
200301,2003,1,1,2003-01-01,2003-01-31,2278,12070
200302,2003,2,1,2003-02-01,2003-02-28,2278,12004
200303,2003,3,1,2003-03-01,2003-03-31,2278,11581
200304,2003,4,2,2003-04-01,2003-04-30,2278,11599
200305,2003,5,2,2003-05-01,2003-05-31,2278,11383
200306,2003,6,2,2003-06-01,2003-06-30,2278,11975
200307,2003,7,3,2003-07-01,2003-07-31,2278,11319
200308,2003,8,3,2003-08-01,2003-08-31,2278,11723
200309,2003,9,3,2003-09-01,2003-09-30,2278,12020
200310,2003,10,4,2003-10-01,2003-10-31,2278,11960
200311,2003,11,4,2003-11-01,2003-11-30,2278,11479
200312,2003,12,4,2003-12-01,2003-12-31,2278,11911
200401,2004,1,1,2004-01-01,2004-01-31,2278,12216
200402,2004,2,1,2004-02-01,2004-02-29,2278,11664
200403,2004,3,1,2004-03-01,2004-03-31,2278,11682
200404,2004,4,2,2004-04-01,2004-04-30,2278,11945
200405,2004,5,2,2004-05-01,2004-05-31,2278,11863
200406,2004,6,2,2004-06-01,2004-06-30,2278,12023
200407,2004,7,3,2004-07-01,2004-07-31,2278,12152
200408,2004,8,3,2004-08-01,2004-08-31,2278,12274
200409,2004,9,3,2004-09-01,2004-09-30,2278,12608
200410,2004,10,4,2004-10-01,2004-10-31,2278,12607
200411,2004,11,4,2004-11-01,2004-11-30,2278,12110
200412,2004,12,4,2004-12-01,2004-12-31,2278,12494
200501,2005,1,1,2005-01-01,2005-01-31,2278,12610
200502,2005,2,1,2005-02-01,2005-02-28,2278,12256
200503,2005,3,1,2005-03-01,2005-03-31,2278,12181
200504,2005,4,2,2005-04-01,2005-04-30,2278,12130
200505,2005,5,2,2005-05-01,2005-05-31,2278,12142
200506,2005,6,2,2005-06-01,2005-06-30,2278,12924
200507,2005,7,3,2005-07-01,2005-07-31,2278,12574
200508,2005,8,3,2005-08-01,2005-08-31,2278,12822
200509,2005,9,3,2005-09-01,2005-09-30,2278,12466
200510,2005,10,4,2005-10-01,2005-10-31,2278,12285
200511,2005,11,4,2005-11-01,2005-11-30,2278,11761
200512,2005,12,4,2005-12-01,2005-12-31,2278,11830
200601,2006,1,1,2006-01-01,2006-01-31,2278,11973
200602,2006,2,1,2006-02-01,2006-02-28,2278,11595
200603,2006,3,1,2006-03-01,2006-03-31,2278,11701
200604,2006,4,2,2006-04-01,2006-04-30,2278,11758
200605,2006,5,2,2006-05-01,2006-05-31,2278,11827
200606,2006,6,2,2006-06-01,2006-06-30,2278,12445
200607,2006,7,3,2006-07-01,2006-07-31,2278,12117
200608,2006,8,3,2006-08-01,2006-08-31,2278,12496
200609,2006,9,3,2006-09-01,2006-09-30,2278,13029
200610,2006,10,4,2006-10-01,2006-10-31,2278,12685
200611,2006,11,4,2006-11-01,2006-11-30,2278,12236
200612,2006,12,4,2006-12-01,2006-12-31,2278,12818
200701,2007,1,1,2007-01-01,2007-01-31,2278,12190
200702,2007,2,1,2007-02-01,2007-02-28,2278,12851
200703,2007,3,1,2007-03-01,2007-03-31,2278,12848
200704,2007,4,2,2007-04-01,2007-04-30,2278,12698
200705,2007,5,2,2007-05-01,2007-05-31,2278,12275
200706,2007,6,2,2007-06-01,2007-06-30,2278,13209
200707,2007,7,3,2007-07-01,2007-07-31,2278,12522
200708,2007,8,3,2007-08-01,2007-08-31,2278,13115
200709,2007,9,3,2007-09-01,2007-09-30,2278,12788
200710,2007,10,4,2007-10-01,2007-10-31,2278,12644
200711,2007,11,4,2007-11-01,2007-11-30,2278,12955
200712,2007,12,4,2007-12-01,2007-12-31,2278,12861
200801,2008,1,1,2008-01-01,2008-01-31,2278,12899
200802,2008,2,1,2008-02-01,2008-02-29,2278,12753
200803,2008,3,1,2008-03-01,2008-03-31,2278,12657
200804,2008,4,2,2008-04-01,2008-04-30,2278,12275
200805,2008,5,2,2008-05-01,2008-05-31,2278,12265
200806,2008,6,2,2008-06-01,2008-06-30,2278,12751
200807,2008,7,3,2008-07-01,2008-07-31,2278,12437
200808,2008,8,3,2008-08-01,2008-08-31,2278,12639
200809,2008,9,3,2008-09-01,2008-09-30,2278,11809
200810,2008,10,4,2008-10-01,2008-10-31,2278,11661
200811,2008,11,4,2008-11-01,2008-11-30,2278,11544
200812,2008,12,4,2008-12-01,2008-12-31,2278,11739
200901,2009,1,1,2009-01-01,2009-01-31,2278,11632
200902,2009,2,1,2009-02-01,2009-02-28,2278,11455
200903,2009,3,1,2009-03-01,2009-03-31,2278,11748
200904,2009,4,2,2009-04-01,2009-04-30,2278,11272
200905,2009,5,2,2009-05-01,2009-05-31,2278,11647
200906,2009,6,2,2009-06-01,2009-06-30,2278,12203
200907,2009,7,3,2009-07-01,2009-07-31,2278,11507
200908,2009,8,3,2009-08-01,2009-08-31,2278,12305
200909,2009,9,3,2009-09-01,2009-09-30,2278,11635
200910,2009,10,4,2009-10-01,2009-10-31,2278,11627
200911,2009,11,4,2009-11-01,2009-11-30,2278,11640
200912,2009,12,4,2009-12-01,2009-12-31,2278,11862
201001,2010,1,1,2010-01-01,2010-01-31,2278,12227
201002,2010,2,1,2010-02-01,2010-02-28,2278,12256
201003,2010,3,1,2010-03-01,2010-03-31,2278,12014
201004,2010,4,2,2010-04-01,2010-04-30,2278,11731
201005,2010,5,2,2010-05-01,2010-05-31,2278,12051
201006,2010,6,2,2010-06-01,2010-06-30,2278,12399
201007,2010,7,3,2010-07-01,2010-07-31,2278,11958
201008,2010,8,3,2010-08-01,2010-08-31,2278,12576
201009,2010,9,3,2010-09-01,2010-09-30,2278,12174
201010,2010,10,4,2010-10-01,2010-10-31,2278,11569
201011,2010,11,4,2010-11-01,2010-11-30,2278,12332
201012,2010,12,4,2010-12-01,2010-12-31,2278,12146
201101,2011,1,1,2011-01-01,2011-01-31,2278,11870
201102,2011,2,1,2011-02-01,2011-02-28,2278,11576
201103,2011,3,1,2011-03-01,2011-03-31,2278,11952
201104,2011,4,2,2011-04-01,2011-04-30,2278,11441
201105,2011,5,2,2011-05-01,2011-05-31,2278,11594
201106,2011,6,2,2011-06-01,2011-06-30,2278,12064
201107,2011,7,3,2011-07-01,2011-07-31,2278,11684
201108,2011,8,3,2011-08-01,2011-08-31,2278,12076
201109,2011,9,3,2011-09-01,2011-09-30,2278,11861
201110,2011,10,4,2011-10-01,2011-10-31,2278,11708
201111,2011,11,4,2011-11-01,2011-11-30,2278,12447
201112,2011,12,4,2011-12-01,2011-12-31,2278,11946
201201,2012,1,1,2012-01-01,2012-01-31,2278,11715
201202,2012,2,1,2012-02-01,2012-02-29,2278,11829
201203,2012,3,1,2012-03-01,2012-03-31,2278,11800
201204,2012,4,2,2012-04-01,2012-04-30,2278,11239
201205,2012,5,2,2012-05-01,2012-05-31,2278,11216
201206,2012,6,2,2012-06-01,2012-06-30,2278,11505
201207,2012,7,3,2012-07-01,2012-07-31,2278,11115
201208,2012,8,3,2012-08-01,2012-08-31,2278,11737
201209,2012,9,3,2012-09-01,2012-09-30,2278,11556
201210,2012,10,4,2012-10-01,2012-10-31,2278,11165
201211,2012,11,4,2012-11-01,2012-11-30,2278,11872
201212,2012,12,4,2012-12-01,2012-12-31,2278,11199
201301,2013,1,1,2013-01-01,2013-01-31,2278,11413
201302,2013,2,1,2013-02-01,2013-02-28,2278,11281
201303,2013,3,1,2013-03-01,2013-03-31,2278,11111
201304,2013,4,2,2013-04-01,2013-04-30,2278,11242
201305,2013,5,2,2013-05-01,2013-05-31,2278,11146
201306,2013,6,2,2013-06-01,2013-06-30,2278,11377
201307,2013,7,3,2013-07-01,2013-07-31,2278,11162
201308,2013,8,3,2013-08-01,2013-08-31,2278,11920
201309,2013,9,3,2013-09-01,2013-09-30,2278,11432
201310,2013,10,4,2013-10-01,2013-10-31,2278,11054
201311,2013,11,4,2013-11-01,2013-11-30,2278,11681
201312,2013,12,4,2013-12-01,2013-12-31,2278,11615
201401,2014,1,1,2014-01-01,2014-01-31,2278,11453
201402,2014,2,1,2014-02-01,2014-02-28,2278,11551
201403,2014,3,1,2014-03-01,2014-03-31,2278,11621
201404,2014,4,2,2014-04-01,2014-04-30,2278,11334
201405,2014,5,2,2014-05-01,2014-05-31,2278,11489
201406,2014,6,2,2014-06-01,2014-06-30,2278,11915
201407,2014,7,3,2014-07-01,2014-07-31,2278,11391
201408,2014,8,3,2014-08-01,2014-08-31,2278,11967
201409,2014,9,3,2014-09-01,2014-09-30,2278,11298
201410,2014,10,4,2014-10-01,2014-10-31,2278,11186
201411,2014,11,4,2014-11-01,2014-11-30,2278,11687
201412,2014,12,4,2014-12-01,2014-12-31,2278,11926
201501,2015,1,1,2015-01-01,2015-01-31,2278,11474
201502,2015,2,1,2015-02-01,2015-02-28,2278,10851
201503,2015,3,1,2015-03-01,2015-03-31,2278,11528
201504,2015,4,2,2015-04-01,2015-04-30,2278,11396
201505,2015,5,2,2015-05-01,2015-05-31,2278,11080
201506,2015,6,2,2015-06-01,2015-06-30,2278,11489
201507,2015,7,3,2015-07-01,2015-07-31,2278,11162
201508,2015,8,3,2015-08-01,2015-08-31,2278,11573
201509,2015,9,3,2015-09-01,2015-09-30,2278,11076
201510,2015,10,4,2015-10-01,2015-10-31,2278,10868
201511,2015,11,4,2015-11-01,2015-11-30,2278,11467
201512,2015,12,4,2015-12-01,2015-12-31,2278,11237
201601,2016,1,1,2016-01-01,2016-01-31,2278,11216
201602,2016,2,1,2016-02-01,2016-02-29,2278,10506
201603,2016,3,1,2016-03-01,2016-03-31,2278,10998
201604,2016,4,2,2016-04-01,2016-04-30,2278,10978
201605,2016,5,2,2016-05-01,2016-05-31,2278,10749
201606,2016,6,2,2016-06-01,2016-06-30,2278,11044
201607,2016,7,3,2016-07-01,2016-07-31,2278,10972
201608,2016,8,3,2016-08-01,2016-08-31,2278,11386
201609,2016,9,3,2016-09-01,2016-09-30,2278,11295
201610,2016,10,4,2016-10-01,2016-10-31,2278,11182
201611,2016,11,4,2016-11-01,2016-11-30,2278,11684
201612,2016,12,4,2016-12-01,2016-12-31,2278,11570
201701,2017,1,1,2017-01-01,2017-01-31,2278,11488
201702,2017,2,1,2017-02-01,2017-02-28,2278,11037
201703,2017,3,1,2017-03-01,2017-03-31,2278,11638
201704,2017,4,2,2017-04-01,2017-04-30,2278,11591
201705,2017,5,2,2017-05-01,2017-05-31,2278,11368
201706,2017,6,2,2017-06-01,2017-06-30,2278,11646
201707,2017,7,3,2017-07-01,2017-07-31,2278,11445
201708,2017,8,3,2017-08-01,2017-08-31,2278,11896
201709,2017,9,3,2017-09-01,2017-09-30,2278,11724
201710,2017,10,4,2017-10-01,2017-10-31,2278,11377
201711,2017,11,4,2017-11-01,2017-11-30,2278,11890
201712,2017,12,4,2017-12-01,2017-12-31,2278,11655
201801,2018,1,1,2018-01-01,2018-01-31,2278,11768
201802,2018,2,1,2018-02-01,2018-02-28,2278,11373
201803,2018,3,1,2018-03-01,2018-03-31,2278,11706
201804,2018,4,2,2018-04-01,2018-04-30,2278,11634
201805,2018,5,2,2018-05-01,2018-05-31,2278,11619
201806,2018,6,2,2018-06-01,2018-06-30,2278,12012
201807,2018,7,3,2018-07-01,2018-07-31,2278,11496
201808,2018,8,3,2018-08-01,2018-08-31,2278,12063
201809,2018,9,3,2018-09-01,2018-09-30,2278,11420
201810,2018,10,4,2018-10-01,2018-10-31,2278,11295
201811,2018,11,4,2018-11-01,2018-11-30,2278,12200
201812,2018,12,4,2018-12-01,2018-12-31,2278,11238
201901,2019,1,1,2019-01-01,2019-01-31,2278,11439
201902,2019,2,1,2019-02-01,2019-02-28,2278,10853
201903,2019,3,1,2019-03-01,2019-03-31,2278,11432
201904,2019,4,2,2019-04-01,2019-04-30,2278,11446
201905,2019,5,2,2019-05-01,2019-05-31,2278,11495
201906,2019,6,2,2019-06-01,2019-06-30,2278,11988
201907,2019,7,3,2019-07-01,2019-07-31,2278,11514
201908,2019,8,3,2019-08-01,2019-08-31,2278,11897
201909,2019,9,3,2019-09-01,2019-09-30,2278,11556
201910,2019,10,4,2019-10-01,2019-10-31,2278,11696
201911,2019,11,4,2019-11-01,2019-11-30,2278,12310
201912,2019,12,4,2019-12-01,2019-12-31,2278,12160
202001,2020,1,1,2020-01-01,2020-01-31,2278,12011
